#Subpopulation order/codes: AFR=0	AHG=1	EAS=2	EUR=3	NAT=4	OCE=5	SAS=6	WAS=7
#chm	spos	epos	sgpos	egpos	n snps	NA21141.0	NA21141.1
22	16854565	16938410	1.58688	1.69202	15410	6	6
22	16938658	17078370	1.69205	1.78805	3398	6	6
22	17078573	17218640	1.78841	1.99438	3524	6	6
22	17218745	17348770	1.9944	2.22692	3035	6	6
22	17348771	17457426	2.22692	2.61159	3256	6	6
22	17457438	17568828	2.61159	2.79142	3230	6	6
22	17568955	17670786	2.79176	3.33282	3219	6	6
22	17670807	17774333	3.3331	4.62468	3316	6	6
22	17774334	17860685	4.62469	5.08332	3018	6	6
22	17860996	17944304	5.09113	5.38573	3191	6	6
22	17944441	18051783	5.38597	5.75878	3768	6	6
22	18051913	18147568	5.75989	5.90319	3279	6	6
22	18147850	18250473	5.90319	6.02819	3304	6	6
22	18250540	18334459	6.02841	6.4261	3199	6	6
22	18334503	18432971	6.42624	6.5067	3465	6	6
22	18432977	18507266	6.5067	6.72103	2723	6	6
22	18507510	18600521	6.72136	7.12668	3098	6	6
22	18600554	18804809	7.12673	8.34357	3206	6	6
22	18804986	18964130	8.34483	9.05847	3986	6	6
22	18964191	19058752	9.05855	9.16653	3214	6	6
22	19058839	19153656	9.16653	9.47469	3226	6	6
22	19153717	19258143	9.47499	9.50067	3239	6	6
22	19258364	19400094	9.50071	9.53604	3940	6	6
22	19400210	19534856	9.53604	9.61695	3932	6	6
22	19535132	19619744	9.61707	9.85393	2892	6	6
22	19619745	19713235	9.85393	10.40559	3131	6	6
22	19713292	19821455	10.40603	10.77145	3623	6	6
22	19821594	19919552	10.77147	10.96585	3384	6	6
22	19919601	20023303	10.96589	11.09586	3606	6	6
22	20023444	20147207	11.09668	11.1834	3951	6	6
22	20147280	20245581	11.18344	11.54757	3410	6	6
22	20245597	20463375	11.54768	12.67008	3362	6	6
22	20463465	20777469	12.67043	13.73199	3444	6	6
22	20777533	20901968	13.73202	13.77219	3672	6	6
22	20901979	20988372	13.77219	14.41601	3345	6	6
22	20988390	21081146	14.41604	14.59945	3333	6	6
22	21081257	21210045	14.59947	14.60569	4077	6	6
22	21210099	21335491	14.60569	15.01597	3941	6	6
22	21335559	21430505	15.01604	15.42395	3462	6	6
22	21430541	21727401	15.42398	15.82724	2837	6	6
22	21727409	21985119	15.82727	16.21988	3753	6	6
22	21985190	22087820	16.22053	16.37982	3392	6	6
22	22087861	22216956	16.37985	16.40325	4098	6	6
22	22217157	22340925	16.40327	16.4366	3715	6	6
22	22341143	22437439	16.43675	17.0204	3371	6	6
22	22437655	22514245	17.02451	17.1868	2856	6	6
22	22514340	22601818	17.18688	17.52717	3413	6	6
22	22602176	22718988	17.52788	17.62195	3810	6	6
22	22719005	22808010	17.62196	18.0144	3614	6	6
22	22808022	22921690	18.01441	18.45547	3645	6	6
22	22921723	23006871	18.45551	18.63182	2800	6	6
22	23006874	23076350	18.63182	18.99656	3306	6	6
22	23076404	23164776	18.9966	19.29656	3354	6	6
22	23165054	23259735	19.29666	19.7389	5265	6	6
22	23259746	23371147	19.73891	20.02148	3554	6	6
22	23371253	23506759	20.02175	20.14451	4055	6	6
22	23506771	23602220	20.14452	20.21764	3360	6	6
22	23602255	23681151	20.21768	20.2955	2924	6	6
22	23681169	23757086	20.29554	20.66461	2809	6	6
22	23757198	23831197	20.6647	20.88957	2912	6	6
22	23831252	23903054	20.88999	21.2881	2924	6	6
22	23903161	23986529	21.28817	21.70357	3170	6	6
22	23986758	24072537	21.7036	21.72952	3014	6	6
22	24072600	24164282	21.72955	21.85331	3109	6	6
22	24164316	24246920	21.85331	22.08776	2848	6	6
22	24247025	24406446	22.08781	22.22861	3746	6	6
22	24406479	24574969	22.23082	22.30873	4662	6	6
22	24575188	24676080	22.30875	22.36202	3410	6	6
22	24676154	24797178	22.36202	22.36953	3692	6	6
22	24797281	24927731	22.36953	22.4098	3940	6	6
22	24927739	25036884	22.4098	22.58183	3459	6	6
22	25036898	25127799	22.58185	22.74792	3020	6	6
22	25127810	25221364	22.74792	22.89971	3291	6	6
22	25221408	25302670	22.89999	23.2342	2866	6	6
22	25302671	25410988	23.2342	23.39204	3268	6	6
22	25411161	25558872	23.39213	23.7137	3511	6	6
22	25558968	25648711	23.71372	24.11043	3150	6	6
22	25648728	25709419	24.11079	24.42814	2392	6	6
22	25709436	25780367	24.42818	24.48949	3214	6	6
22	25780382	25855183	24.4895	24.62257	2689	6	6
22	25855204	25947112	24.62258	24.84291	3090	6	6
22	25947418	26081311	24.84322	24.87121	3653	6	6
22	26081327	26183377	24.87122	25.09393	3275	6	6
22	26183417	26266939	25.09395	25.20151	2868	6	6
22	26267483	26372767	25.20243	25.78321	3362	6	6
22	26372838	26479646	25.78326	26.34965	3272	6	6
22	26479712	26597844	26.34966	26.50862	3459	6	6
22	26597989	26700260	26.50864	26.77157	3295	6	6
22	26700272	26792326	26.77157	27.21079	3138	6	6
22	26792341	26914850	27.21185	27.37822	3661	6	6
22	26914880	27026325	27.37824	27.48639	3477	6	6
22	27026589	27121506	27.48648	27.6487	2999	6	6
22	27121507	27238805	27.6487	28.49327	3525	6	6
22	27239154	27334843	28.49383	28.81664	3367	6	6
22	27334951	27429111	28.81735	29.53622	3287	6	6
22	27429276	27512745	29.53973	29.77013	2999	6	6
22	27512789	27609410	29.77039	30.10763	3278	6	6
22	27609522	27703428	30.10774	30.89969	3282	6	6
22	27703535	27785497	30.89974	31.20116	2876	6	6
22	27785583	27881805	31.20151	31.87651	3438	6	6
22	27881811	27968633	31.87651	32.24992	2994	6	6
22	27968813	28075166	32.25648	32.60139	3444	6	6
22	28075256	28190234	32.60146	33.12718	3668	6	6
22	28190414	28377083	33.12966	33.3855	3929	6	6
22	28377404	28542457	33.38559	33.40325	4187	6	6
22	28542466	28725962	33.40325	33.42685	4450	6	6
22	28725963	28915649	33.42685	33.43857	4555	6	6
22	28916527	29103769	33.43859	33.46088	4498	6	6
22	29103855	29233847	33.46091	33.48017	3630	6	6
22	29233859	29368464	33.48017	33.50225	3530	6	6
22	29368500	29492880	33.50227	33.69333	3333	6	6
22	29493192	29594633	33.69344	33.77607	2973	6	6
22	29594703	29721902	33.77612	34.00211	3873	6	6
22	29722003	29847005	34.00212	34.14379	3683	6	6
22	29847066	29973634	34.14379	34.19144	3648	6	6
22	29973662	30121649	34.19144	34.24284	4013	6	6
22	30121678	30239416	34.24292	34.27336	3322	6	6
22	30239591	30351855	34.27343	34.28356	3318	6	6
22	30351862	30480432	34.28356	34.29692	3428	6	6
22	30480630	30627996	34.29692	34.36712	3645	6	6
22	30628304	30781070	34.36722	34.43472	4258	6	6
22	30781138	30910625	34.43483	34.50763	3695	6	6
22	30910884	31016167	34.50765	34.67261	3610	6	6
22	31016246	31115896	34.67263	34.75542	3225	6	6
22	31115997	31239658	34.75547	34.79385	3334	6	6
22	31239817	31392176	34.79387	34.9189	4276	6	6
22	31392209	31523864	34.9189	35.11078	3496	6	6
22	31523886	31669267	35.11079	35.1862	3855	6	6
22	31669368	31831068	35.1862	35.19987	4126	6	6
22	31831096	31961270	35.19987	35.21714	3785	6	6
22	31961330	32073823	35.21714	35.23153	3360	6	6
22	32074011	32200351	35.23154	35.24239	3632	6	6
22	32200403	32334228	35.24241	35.36424	3556	6	6
22	32334229	32456717	35.36424	35.40815	3400	6	6
22	32456745	32572502	35.40815	35.46395	3365	6	6
22	32572525	32669509	35.46399	35.77272	3166	6	6
22	32669569	32744111	35.77309	35.85927	2891	6	6
22	32744210	32830959	35.85931	36.04702	2988	6	6
22	32831188	32923733	36.04758	36.43381	3146	6	6
22	32923768	33024984	36.43383	36.82004	3210	6	6
22	33025035	33161237	36.82006	37.04847	3045	6	6
22	33161295	33281811	37.04848	37.1546	3561	6	6
22	33282013	33402579	37.15467	37.19126	3513	6	6
22	33402580	33524718	37.19126	37.64224	3560	6	6
22	33524756	33630473	37.64225	37.73451	3005	6	6
22	33630568	33734396	37.73453	38.01499	3331	6	6
22	33734453	33829310	38.01499	38.31627	3081	6	6
22	33829436	33929448	38.31632	38.50006	3402	6	6
22	33929689	34031711	38.50012	38.69755	3419	6	6
22	34031850	34131099	38.69758	38.93996	3278	6	6
22	34131153	34223250	38.94001	38.99539	3167	6	6
22	34223274	34327000	38.99542	39.16454	3365	6	6
22	34327086	34443540	39.16459	39.40198	3511	6	6
22	34443550	34551104	39.40199	39.56459	3244	6	6
22	34551306	34669870	39.56478	39.64408	3697	6	6
22	34670264	34775425	39.64413	39.67739	3584	6	6
22	34775445	34856116	39.6774	39.77917	3081	6	6
22	34856205	34934231	39.77934	39.86063	3128	6	6
22	34934328	35022907	39.86065	39.96898	3267	6	6
22	35022926	35123248	39.96899	39.98673	3472	6	6
22	35123259	35213858	39.98673	40.05789	3343	6	6
22	35213910	35322544	40.05789	40.12104	3377	6	6
22	35322643	35420674	40.1211	40.3969	3356	6	6
22	35420767	35530256	40.39692	40.49858	3375	6	6
22	35530483	35626843	40.50321	40.58315	3054	6	6
22	35626909	35753626	40.58322	40.67224	3760	6	6
22	35753724	35859827	40.67234	41.15064	3466	6	6
22	35859845	35964846	41.15084	41.72423	3361	6	6
22	35964931	36069081	41.72432	41.8932	3351	6	6
22	36069098	36204303	41.8932	42.15042	3889	6	6
22	36204522	36409777	42.15042	42.15697	5260	6	6
22	36409982	36523366	42.15697	42.29839	3419	6	6
22	36523618	36596258	42.29864	42.47661	2645	6	6
22	36596370	36692150	42.47752	43.00745	3485	6	6
22	36692156	36803586	43.00745	43.13267	3635	6	6
22	36803654	36893635	43.13269	43.1819	3065	6	6
22	36893720	36992409	43.18193	43.55908	3436	6	6
22	36992487	37114187	43.55912	43.9514	3682	6	6
22	37114214	37226420	43.9514	44.23815	3658	6	6
22	37226426	37324385	44.23815	44.57037	3418	6	6
22	37324448	37421597	44.57121	45.01036	3310	6	6
22	37421598	37527552	45.01036	45.21455	3528	6	6
22	37527809	37620050	45.21568	45.66329	3234	6	6
22	37620153	37715539	45.66334	46.026	3193	6	6
22	37715544	37808870	46.02616	46.32255	3239	6	6
22	37808884	37928115	46.32257	46.54532	3736	6	6
22	37928186	38024491	46.54535	46.97225	3173	6	6
22	38024725	38133648	46.97227	47.03474	3643	6	6
22	38133654	38263877	47.03474	47.0488	4063	6	6
22	38263934	38421742	47.04881	47.06043	4226	6	6
22	38422011	38533505	47.06045	47.22213	3676	6	6
22	38533557	38635395	47.22214	47.30235	3235	6	6
22	38635486	38748504	47.30237	47.60526	3615	6	6
22	38748531	38870872	47.60527	47.79792	3617	6	6
22	38871413	39038346	47.80057	47.83629	4404	6	6
22	39038588	39176168	47.83629	47.88701	4068	6	6
22	39176226	39295620	47.88703	47.95427	3467	6	6
22	39295629	39396768	47.95427	48.47703	3259	6	6
22	39396788	39487722	48.47704	48.64066	3478	6	6
22	39487824	39586780	48.64092	48.8793	3107	6	6
22	39586794	39678534	48.87932	49.08217	3094	6	6
22	39678535	39762383	49.08217	49.18775	2923	6	6
22	39762425	39882954	49.18801	49.35434	3758	6	6
22	39883058	40007863	49.35443	49.46362	3946	6	6
22	40008234	40122885	49.46377	49.86007	3727	6	6
22	40123104	40288830	49.8601	49.87643	3949	6	6
22	40289003	40449202	49.87658	50.02776	4363	6	6
22	40449213	40603580	50.02776	50.09974	4034	6	6
22	40603732	40795537	50.09974	50.15832	4787	6	6
22	40795547	40961324	50.15832	50.18195	4442	6	6
22	40962189	41110851	50.18199	50.21453	3956	6	6
22	41111379	41248031	50.21455	50.24964	3726	6	6
22	41248080	41416097	50.24964	50.27573	4323	6	6
22	41416181	41567722	50.27574	50.29171	4460	6	6
22	41567800	41704872	50.29171	50.31082	4014	6	6
22	41705039	41842203	50.31084	50.33604	4071	6	6
22	41842417	42000484	50.33604	50.35801	4289	6	6
22	42000639	42135751	50.35801	50.36285	3881	6	6
22	42135960	42290962	50.36285	50.39846	4240	6	6
22	42291122	42431105	50.39853	50.43147	3960	6	6
22	42431170	42553778	50.43148	50.44229	3948	6	6
22	42554091	42698574	50.44233	50.5264	4509	6	6
22	42698602	42805444	50.52642	50.59855	3248	6	6
22	42805531	42910038	50.59856	50.83648	3402	6	6
22	42910099	42993128	50.83649	50.85817	3366	6	6
22	42993246	43087426	50.85818	50.91701	3389	6	6
22	43087464	43175639	50.91702	51.0591	3050	6	6
22	43175821	43284734	51.05922	51.13767	3505	6	6
22	43284802	43413673	51.13767	51.17376	4012	6	6
22	43414330	43510784	51.17453	51.29763	3428	6	6
22	43510961	43597076	51.29769	51.5317	3250	6	6
22	43597308	43685159	51.53176	51.87017	3342	6	6
22	43685206	43783100	51.8702	52.0649	3212	6	6
22	43783190	43883747	52.06492	52.20777	3369	6	6
22	43883794	43995546	52.20783	52.2622	3568	6	6
22	43995589	44117821	52.26222	52.2852	3547	6	6
22	44117968	44243092	52.28526	52.32222	3661	6	6
22	44243584	44344885	52.3223	52.75908	3499	6	6
22	44344945	44454642	52.75914	53.17978	3559	6	6
22	44454705	44544660	53.18013	53.68961	3278	6	6
22	44544698	44641502	53.68966	53.98492	3403	6	6
22	44641563	44720872	53.98496	54.461	3082	6	6
22	44720997	44805225	54.462	54.92094	3139	6	6
22	44805249	44904163	54.92098	55.20132	3258	6	6
22	44904164	44994946	55.20132	55.50721	3366	6	6
22	44994956	45082637	55.50748	55.7898	3117	6	6
22	45082657	45160561	55.78989	56.31143	3010	6	6
22	45160577	45234579	56.3116	56.78646	3092	6	6
22	45234634	45292914	56.78651	56.94418	3128	6	6
22	45292960	45390840	56.94419	57.05372	3743	6	6
22	45391250	45468897	57.05452	57.61084	2978	6	6
22	45468960	45566087	57.6109	57.77449	3200	6	6
22	45566090	45655182	57.77449	57.91993	3304	6	6
22	45655221	45752299	57.92009	58.28033	3329	6	6
22	45752470	45881496	58.28034	58.48162	3837	6	6
22	45881554	45981729	58.48164	59.10385	3455	6	6
22	45981761	46094614	59.10385	59.21119	3655	6	6
22	46094850	46227130	59.21121	59.24373	3892	6	6
22	46227188	46321513	59.24375	59.42024	3396	6	6
22	46321566	46399356	59.42034	59.57684	3262	6	6
22	46399684	46508477	59.5775	59.85093	3712	6	6
22	46508487	46608205	59.85094	60.18845	3466	6	6
22	46608235	46711318	60.18847	60.27918	3336	6	6
22	46711323	46785417	60.27919	60.33744	3177	6	6
22	46785418	46856642	60.33744	60.6357	3155	6	6
22	46856665	46934248	60.63581	61.02805	3099	6	6
22	46934296	47010140	61.02807	61.14497	2892	6	6
22	47010156	47096504	61.14498	61.19552	3349	6	6
22	47096552	47183994	61.19561	61.43294	3304	6	6
22	47184034	47281964	61.43294	61.49364	3430	6	6
22	47281971	47361916	61.49365	61.62887	3122	6	6
22	47362039	47448233	61.6289	61.80029	3286	6	6
22	47448298	47528164	61.80038	61.90918	3184	6	6
22	47528205	47600576	61.90919	62.39311	3193	6	6
22	47600594	47691382	62.3932	62.69952	3334	6	6
22	47691437	47769570	62.69954	62.8051	3215	6	6
22	47769605	47848703	62.80516	62.94152	3231	6	6
22	47848829	47944270	62.94155	63.13256	3318	6	6
22	47944339	48033993	63.13265	63.47876	3362	6	6
22	48033994	48127028	63.47876	63.5288	3360	6	6
22	48127130	48214433	63.52881	63.69763	3340	6	6
22	48214519	48301589	63.69867	63.99485	3219	6	6
22	48301616	48391049	63.99487	64.1596	3087	6	6
22	48391114	48496616	64.15993	64.5839	3749	6	6
22	48496703	48592332	64.58448	64.87569	3673	6	6
22	48592346	48676609	64.87599	65.20344	3316	6	6
22	48676651	48752747	65.20368	65.94649	3222	6	6
22	48752757	48822441	65.94651	66.15781	2882	6	6
22	48822463	48905011	66.15787	66.52408	3155	6	6
22	48905024	48990428	66.52425	67.0633	3427	6	6
22	48990435	49055850	67.06342	67.67134	2860	6	6
22	49055871	49111462	67.67136	67.91496	2648	6	6
22	49111570	49185428	67.91505	68.14109	2895	6	6
22	49185516	49253917	68.14154	68.51648	2805	6	6
22	49253943	49325724	68.51665	68.90694	3015	6	6
22	49325768	49375199	68.90703	69.05511	3049	6	6
22	49375200	49443126	69.05511	69.45209	2706	6	6
22	49443247	49509002	69.45218	69.61519	2770	6	6
22	49509061	49571362	69.61525	70.11768	2823	6	6
22	49571392	49631651	70.11772	70.32991	2759	6	6
22	49631654	49693617	70.32991	70.77262	2872	6	6
22	49693636	49767063	70.77272	71.257	3097	6	6
22	49767156	49839695	71.25719	71.84154	2947	6	6
22	49839752	49925268	71.84335	72.34299	3337	6	6
22	49925408	50008763	72.34327	72.51205	3232	6	6
22	50008895	50087962	72.51207	72.57904	3282	6	6
22	50088005	50175596	72.5791	72.82457	3338	6	6
22	50175608	50276506	72.82457	72.85179	3451	6	6
22	50276569	50359160	72.85179	72.95476	3330	6	6
22	50359167	50501834	72.95477	73.27223	3255	6	6
22	50501857	50591459	73.27223	73.30539	3353	6	6
22	50591470	50688235	73.30539	73.37332	3858	6	6
22	50688236	50792508	73.37332	73.45642	3746	6	6
22	50792509	50894104	73.45642	73.53175	3657	6	6
22	50894372	50980910	73.53192	73.80571	3830	6	6
22	50980917	51078251	73.80572	73.92507	3199	6	6
22	51078409	51244237	73.92553	74.10956	4967	6	6
