#reference_panel_population:	AFR	AHG	EAS	EUR	NAT	OCE	SAS	WAS
chromosome	physical position	genetic_position	genetic_marker_index	NA21141:::hap1:::AFR	NA21141:::hap1:::AHG	NA21141:::hap1:::EAS	NA21141:::hap1:::EUR	NA21141:::hap1:::NAT	NA21141:::hap1:::OCE	NA21141:::hap1:::SAS	NA21141:::hap1:::WAS	NA21141:::hap2:::AFR	NA21141:::hap2:::AHG	NA21141:::hap2:::EAS	NA21141:::hap2:::EUR	NA21141:::hap2:::NAT	NA21141:::hap2:::OCE	NA21141:::hap2:::SAS	NA21141:::hap2:::WAS
22	16896488	1.63945	.	0.00010661869	0.00043496708	0.00011034324	0.001954717	0.00021490171	0.0001478152	0.9967931	0.0002375816	0.00010123087	0.000103493905	0.0012911885	0.00021396654	0.00018764683	0.00010195354	0.9977375	0.00026296507
22	17008514	1.74005	.	6.646449e-05	7.532993e-05	7.1005095e-05	0.0006858924	8.643236e-05	9.817467e-05	0.99874794	0.00016871761	9.919173e-05	0.00010454218	0.0010393098	0.00016764687	0.00012974998	0.00017570697	0.99809486	0.00018894288
22	17148606	1.8913950000000002	.	7.977166e-05	0.00012805471	9.794626e-05	0.006047164	0.00045092008	0.00014973356	0.992924	0.00012247545	9.6885335e-05	9.6551244e-05	0.0017758891	0.00010698711	0.000109473694	0.00030304675	0.99723345	0.0002776779
22	17283758	2.1106599999999998	.	0.0001004733	0.00024953188	0.00010960483	0.0010633497	0.00027682554	0.00022024116	0.99772745	0.00025256313	4.9187813e-05	5.875322e-05	0.00034158726	9.277382e-05	0.000102646416	8.214995e-05	0.9991659	0.000107035274
22	17403098	2.4192549999999997	.	0.00014252584	0.000155153	0.00030920605	0.0018051275	0.00019127729	0.0002941239	0.9967573	0.00034525167	0.00014458886	0.00015343422	0.0021656437	0.00033803802	0.00015937511	0.00024181561	0.99608177	0.00071539317
22	17513133	2.701505	.	0.00019164794	0.00019862944	0.00024807095	0.0011904198	0.00041228984	0.0009678067	0.9963381	0.00045307443	0.00023102418	0.000286466	0.0014943437	0.00043779143	0.00030702114	0.0010619215	0.99580175	0.0003797096
22	17619870	3.06229	.	0.00014307276	0.00013166334	0.00013682287	0.0018851362	0.00019978322	0.00035388503	0.9968658	0.00028378784	0.00019536608	0.00022485275	0.0018855394	0.0004040265	0.0002262358	0.0005244682	0.99592906	0.0006103854
22	17722570	3.97889	.	0.00011317525	0.0005473983	0.00013706554	0.0017439146	0.00027210038	0.00030420077	0.9966445	0.00023770686	0.00010617327	0.00011231471	0.0005360392	0.00020319536	0.0001844043	0.00026533738	0.99810034	0.00049218576
22	17817510	4.854005	.	0.00015105528	0.0001861378	0.00018237712	0.008911472	0.00019532652	0.0003586593	0.98968923	0.00032576514	0.00014864345	0.00018701603	0.00031092105	0.00043788727	0.00018596194	0.00029063894	0.9980736	0.00036535144
22	17902650	5.238429999999999	.	9.914372e-05	9.846575e-05	0.00013936363	0.000958051	0.0006957531	0.000587413	0.99701154	0.00041030746	0.00023087635	0.00022018822	0.00045626322	0.000911378	0.0005165691	0.0014008634	0.9955983	0.0006654653
22	17998112	5.572375	.	9.6521675e-05	0.00014856238	0.00017373737	0.00050778996	0.00012471539	0.00019473257	0.9984571	0.00029683995	0.00010569885	0.0001524818	0.00020053642	0.0011003076	0.00012673583	0.00018044947	0.9977349	0.00039886372
22	18099740	5.83154	.	0.00017207743	0.00018260443	0.00018774875	0.00096053357	0.00023685458	0.00028246854	0.99709964	0.00087807665	0.00020333067	0.00021051057	0.00025393124	0.0007631528	0.0002725233	0.00031345946	0.9964606	0.0015224342
22	18199162	5.96569	.	0.0003565908	0.00042579178	0.00036247273	0.003701242	0.0008568061	0.00044186317	0.9905302	0.0033250856	0.00018727417	0.00020359266	0.00030033686	0.0013068952	0.0003006822	0.00034360247	0.99683917	0.00051849725
22	18292500	6.2272549999999995	.	0.00013727996	0.00015209019	0.00016988923	0.00073404465	0.00025267882	0.00024681777	0.9977906	0.00051656144	0.00017242161	0.00019102305	0.0003044713	0.00061802764	0.00020461911	0.00032269483	0.99742424	0.0007625475
22	18383737	6.46647	.	9.094929e-05	0.000107768	0.00018299658	0.00032046624	0.00019385498	0.00011082201	0.9977221	0.0012710271	0.00014160512	0.00016428488	0.0006060086	0.00021640751	0.00028528657	0.0001833774	0.9967139	0.0016891488
22	18470122	6.6138650000000005	.	0.00019625424	0.00022764805	0.00034060242	0.00051769975	0.00034115682	0.00023854672	0.9977241	0.00041400798	0.0002195862	0.00021882901	0.0006748979	0.00032537588	0.0004920921	0.00026717482	0.9972072	0.0005947655
22	18554016	6.9240200000000005	.	0.0001268058	0.00012948329	0.00044720285	0.00023116994	0.00015539683	0.00015499101	0.9977508	0.0010041755	9.825464e-05	0.0001112421	0.0008780731	0.00014615891	0.00012864327	0.00012868154	0.99747795	0.0010309512
22	18702682	7.73515	.	0.000116212694	0.00015551111	0.00044848298	0.0002821152	0.00040715924	0.00022196435	0.99808276	0.00028575305	0.00021996888	0.00025383345	0.0011882914	0.00530104	0.00073485856	0.00042013696	0.99117494	0.0007069546
22	18884558	8.70165	.	0.0002178108	0.00017868441	0.00017489528	0.002126995	0.001811927	0.00018204034	0.9942498	0.0010577881	0.00019709059	0.0001718109	0.00015807929	0.00071388663	0.0015868861	0.00017488822	0.99373204	0.0032653161
22	19011472	9.11254	.	0.00010269024	0.00010605875	0.00012281144	0.0009305694	0.00012610352	0.00012317764	0.9975459	0.00094267837	0.00024529966	0.0002488204	0.00088079064	0.0030374199	0.0003100003	0.00030783264	0.9925599	0.0024099613
22	19106248	9.32061	.	0.00025214595	0.0002432651	0.0003345704	0.002508638	0.0003073265	0.00027396975	0.9955362	0.0005439106	0.00021963869	0.00021156133	0.0005519376	0.0017260037	0.00037409415	0.00022272822	0.99579465	0.00089941954
22	19205930	9.487829999999999	.	0.00010675855	0.000112633854	0.0003088622	0.00058582966	0.00051651505	0.00013020144	0.99781704	0.00042217138	0.00016021298	0.0001756909	0.00046952107	0.0013772008	0.00075006357	0.00019539362	0.9933564	0.0035154254
22	19329229	9.518374999999999	.	0.000104207356	0.0001401342	0.00017352801	0.0008245953	0.00013932653	0.00017375918	0.9981426	0.000301832	8.5586384e-05	0.00011877224	0.00012877416	0.0020714018	0.00010955479	0.00011643544	0.9970999	0.0002695707
22	19467533	9.576495	.	7.2466515e-05	7.689972e-05	9.279257e-05	0.0013967108	0.00011727977	7.9836725e-05	0.9979963	0.00016776177	6.401413e-05	7.94626e-05	0.00012125952	0.0014976045	9.0542184e-05	7.446561e-05	0.9978162	0.00025641403
22	19577438	9.7355	.	5.9026057e-05	9.6454896e-05	7.5649994e-05	0.00071874313	0.000108837135	6.6534994e-05	0.9987382	0.00013657486	0.00018566164	0.00029087922	0.00030679343	0.0018435434	0.00040323503	0.00021657681	0.9964192	0.00033406925
22	19666490	10.129760000000001	.	6.599101e-05	7.847014e-05	9.494942e-05	0.0012628668	7.425295e-05	8.676679e-05	0.99810094	0.0002358242	0.00026254746	0.00029419013	0.00052054005	0.004353946	0.00033040112	0.00040686494	0.9925288	0.0013027639
22	19767374	10.58874	.	3.0467703e-05	3.4864566e-05	3.7723872e-05	0.000945551	8.898327e-05	5.2235788e-05	0.99864906	0.00016115156	6.332994e-05	6.665503e-05	9.9050005e-05	0.00037563263	0.00010740954	9.995366e-05	0.9990735	0.000114452174
22	19870573	10.86866	.	4.3444303e-05	5.005566e-05	5.1027684e-05	0.0007082017	5.3436077e-05	6.518933e-05	0.998887	0.00014163101	0.00010256415	0.000108077336	0.00021354423	0.0016051048	0.00015262584	0.00015535703	0.9973297	0.00033299215
22	19971452	11.030875	.	4.3098724e-05	4.5823956e-05	4.375873e-05	0.0004139364	4.891248e-05	4.8646016e-05	0.9990201	0.00033571932	0.00013058638	0.00013429548	0.0004990382	0.0025086196	0.00013169697	0.0001773343	0.99492234	0.0014961412
22	20085326	11.140039999999999	.	4.1388317e-05	4.5745284e-05	4.627763e-05	0.0016453373	7.5440934e-05	5.9140224e-05	0.9978701	0.00021660712	0.00012310356	0.00011573777	0.00030898803	0.0009444958	0.0002229968	0.00015395535	0.9977449	0.00038585695
22	20196430	11.365504999999999	.	6.573184e-05	5.922891e-05	6.6786706e-05	0.0012263401	8.082333e-05	6.0912607e-05	0.9981645	0.00027573822	0.00015297759	0.00015787006	0.000270354	0.00054832984	0.00017477221	0.00013817487	0.99767774	0.0008797403
22	20354486	12.10888	.	6.5326145e-05	6.5427026e-05	7.17583e-05	0.0003565029	8.025305e-05	6.038484e-05	0.99920183	9.851826e-05	0.00019827716	0.00018618211	0.0003564594	0.0003318745	0.00025383796	0.00016575148	0.998102	0.00040562032
22	20620467	13.20121	.	0.00010158169	8.544643e-05	9.05864e-05	0.00022063874	7.5111806e-05	7.4465825e-05	0.9992236	0.00012858285	0.00045700785	0.00055544754	0.001387845	0.00083731656	0.00052210805	0.0005013434	0.9945927	0.0011462499
22	20839750	13.752105	.	6.721413e-05	6.258184e-05	0.00011896647	0.000527271	0.00015143862	6.325526e-05	0.9988304	0.00017887328	0.00021749605	0.00022235823	0.0015449779	0.0006025734	0.00023309722	0.00031358763	0.9963928	0.00047315742
22	20945176	14.094100000000001	.	0.000100538135	0.000112694695	0.00022174856	0.0003485653	0.00015940618	0.00012892176	0.99878746	0.00014063387	0.0003458418	0.00036584653	0.0024213737	0.00085544196	0.0005707664	0.00045483376	0.9943171	0.0006688276
22	21034768	14.507745	.	6.0535684e-05	6.6142675e-05	8.184044e-05	0.00027972952	8.1739505e-05	6.768898e-05	0.999181	0.00018137452	0.00047915752	0.000549057	0.011437699	0.0016393665	0.00054967677	0.0006352381	0.98290265	0.0018072078
22	21145651	14.60258	.	6.385577e-05	6.674666e-05	7.116537e-05	0.00011564242	6.763915e-05	8.021447e-05	0.9993198	0.0002149621	0.00026471962	0.00030308258	0.0043625976	0.0013194561	0.00031497903	0.00034036752	0.9856614	0.0074334103
22	21272795	14.81083	.	4.400077e-05	4.4929926e-05	7.341113e-05	6.5531014e-05	4.5730703e-05	5.8596765e-05	0.9995442	0.000123582	0.00041825513	0.0004891144	0.0022979432	0.0020031438	0.00038839452	0.0007231427	0.990553	0.0031270569
22	21383032	15.219995	.	3.7953127e-05	4.1932148e-05	4.372621e-05	0.00013145784	7.8756886e-05	4.1408777e-05	0.99956375	6.1028488e-05	0.00027178045	0.00029576788	0.0008563557	0.0006227837	0.0006957354	0.0006931452	0.9955107	0.0010537982
22	21578971	15.62561	.	3.7119462e-05	4.423289e-05	6.793799e-05	6.772122e-05	4.0738756e-05	4.1080053e-05	0.99956816	0.0001330042	0.000120785044	0.00014886158	0.005865517	0.00018150598	0.00012826406	0.00017962795	0.99258476	0.00079069706
22	21856264	16.023575	.	3.7776663e-05	3.8574348e-05	6.345797e-05	8.683285e-05	5.001307e-05	4.219072e-05	0.9996117	6.9481976e-05	0.00053744786	0.0005519768	0.091073096	0.001266972	0.0006235699	0.0009902597	0.9039871	0.0009695198
22	22036505	16.300175	.	6.0310063e-05	6.3271764e-05	0.000112228015	0.00014011229	8.651947e-05	5.9271173e-05	0.99936074	0.00011751036	0.00028597465	0.00031002847	0.026440421	0.00044762745	0.00031846605	0.00072838046	0.97038704	0.0010820278
22	22152408	16.391550000000002	.	6.851752e-05	7.188872e-05	0.00013183313	0.00015468724	0.000109090855	7.8855424e-05	0.9991904	0.0001946772	0.0012640057	0.0013292565	0.030014796	0.0019355569	0.0020887584	0.0026511438	0.958347	0.002369441
22	22279041	16.419935	.	5.2043357e-05	5.5537403e-05	0.00017573664	0.000113818285	5.5507113e-05	5.932382e-05	0.99939215	9.591108e-05	0.00094958907	0.0011312582	0.087578855	0.0018244669	0.0010346081	0.0017401241	0.9031387	0.0026023516
22	22389291	16.728575	.	5.1099658e-05	5.0923456e-05	0.00019682411	0.0002493803	5.438804e-05	5.14645e-05	0.99919945	0.0001464529	0.00062292395	0.00074868946	0.018799458	0.0011361878	0.000732113	0.0008565185	0.9740413	0.0030628673
22	22475950	17.105655	.	7.748036e-05	8.165969e-05	0.00020257589	0.00052830443	8.003596e-05	8.882422e-05	0.9988186	0.00012254737	0.0018765136	0.001929814	0.013830443	0.0058610584	0.0020887488	0.0030980937	0.96776164	0.0035537132
22	22558079	17.357025	.	5.4617893e-05	5.6574416e-05	0.00017612537	0.00018512641	6.0263425e-05	6.0106617e-05	0.9992919	0.00011521704	0.0006042944	0.0006720862	0.0029636957	0.0015438609	0.00060915155	0.0007916989	0.99135524	0.0014599958
22	22660582	17.574914999999997	.	7.650126e-05	8.118129e-05	0.00015525338	0.00047355818	0.00014164143	9.382512e-05	0.99875855	0.00021947523	0.0013775879	0.0013665443	0.016907569	0.005056733	0.001280828	0.00223803	0.96844995	0.0033227634
22	22763508	17.818179999999998	.	8.1043116e-05	0.000101995276	0.000188301	0.0011847342	9.051892e-05	9.776141e-05	0.99799937	0.00025626208	0.0020980474	0.00061352685	0.0054360777	0.0021952903	0.0005841046	0.00083402963	0.9862898	0.0019490516
22	22864856	18.23494	.	0.00010599039	0.000120355784	0.0005813375	0.0011497673	0.00012093382	0.000114993556	0.99759054	0.00021610288	0.0004756662	0.00038787216	0.0033352834	0.002455718	0.00050205446	0.0009242287	0.9907607	0.0011585634
22	22964297	18.543665	.	0.000162229	0.00017097972	0.001972647	0.0004605323	0.00042170193	0.00016840744	0.99620384	0.00043969956	0.00044668984	0.00044945886	0.0021030034	0.00225857	0.0008615803	0.0006080447	0.99058026	0.0026923562
22	23041612	18.81419	.	0.00014661484	0.00015588578	0.0016134795	0.00022871175	0.00035684856	0.00015761775	0.9971269	0.00021397308	0.0010652004	0.0009110829	0.004325032	0.007236002	0.0013593828	0.0016922327	0.98188204	0.0015290016
22	23120590	19.14658	.	0.00025578684	0.0002844819	0.0029357239	0.00057250226	0.00049248635	0.00026659438	0.9946867	0.0005056612	0.0017619402	0.0018169368	0.015217494	0.015264792	0.0018780027	0.0023570103	0.95658964	0.0051142424
22	23212394	19.517780000000002	.	0.00021883343	0.00021843059	0.0030994292	0.0007566248	0.00043701037	0.00022743555	0.9946496	0.0003926267	0.001305955	0.00094182097	0.0030056408	0.009373867	0.0009864704	0.0012913028	0.98077595	0.002318956
22	23315446	19.880195	.	0.00028140968	0.00028089219	0.0058260947	0.0004463551	0.0003166232	0.00029493478	0.9918189	0.00073482987	0.0004891094	0.0005498874	0.00082315586	0.0132701965	0.00055406656	0.00077614037	0.982605	0.0009324127
22	23439006	20.08313	.	0.00015550354	0.00018127558	0.0019125668	0.00060943735	0.00018659732	0.00018361227	0.9962968	0.00047423123	0.00080480246	0.0009020003	0.0025365688	0.0099174855	0.00093052187	0.0013445887	0.982508	0.0010560699
22	23554496	20.18108	.	0.00039333964	0.0004145568	0.006572541	0.000642551	0.00046220364	0.00043317754	0.9890398	0.0020418495	0.00041801904	0.0004283604	0.0019973454	0.016877268	0.0006122751	0.0007112836	0.9781503	0.00080511486
22	23641703	20.256590000000003	.	0.00024616934	0.00022881106	0.0018768456	0.00063847256	0.0003462134	0.00023778975	0.995452	0.0009736993	0.0024751185	0.0020734102	0.002875073	0.05658942	0.0021473349	0.0029529743	0.92458886	0.006297828
22	23719128	20.480075	.	0.000111810536	0.00012121858	0.00080465287	0.0003971645	0.00018430204	0.00012321112	0.9978532	0.0004044301	0.0028072782	0.0026886307	0.0044419775	0.06327087	0.0030229925	0.006604057	0.9060087	0.011155475
22	23794198	20.777135	.	0.000116347874	0.0001387012	0.0002205382	0.00019809058	0.00013418111	0.00013878112	0.9987588	0.0002945192	0.00155259	0.0015853742	0.0077320472	0.012975629	0.0019343063	0.007534425	0.959442	0.0072436365
22	23867153	21.089045	.	0.00034822826	0.00012394285	0.00038584432	0.00045012738	0.00012462733	0.00013017931	0.9980186	0.00041843677	0.0010384176	0.0012338455	0.006956759	0.0052899355	0.0012399795	0.0016298771	0.98082364	0.0017875859
22	23944845	21.49587	.	0.00047335026	0.00014578163	0.00020675157	0.0007704248	0.00031680826	0.00018570742	0.9971973	0.000703868	0.0006529338	0.0010461801	0.008638423	0.014283962	0.0009825694	0.001266924	0.972015	0.0011140194
22	24029648	21.71656	.	0.00027217396	0.0001955121	0.00040138213	0.0015483171	0.00028964895	0.00019458056	0.99653095	0.00056747324	0.0012435601	0.0016705644	0.02218911	0.0070596444	0.0015145885	0.0018357782	0.9613884	0.0030983249
22	24118441	21.79143	.	0.000113087	0.00011167445	0.00035622346	0.00076121127	9.871603e-05	0.000107359	0.9962929	0.0021587654	0.0008089809	0.0010456687	0.055853616	0.0032937601	0.00077360973	0.001335035	0.93495625	0.0019330378
22	24205618	21.970534999999998	.	0.00020914528	0.00018949108	0.0014270667	0.001753102	0.00034059995	0.00020944468	0.9949064	0.0009647111	0.0008080334	0.0009156196	0.0067776116	0.007783839	0.00085977925	0.0011201792	0.9781822	0.0035527255
22	24326736	22.15821	.	0.00010423714	0.000121214034	0.00028785132	0.0016780663	0.00030315926	0.00011524143	0.99587363	0.0015165518	0.0009999103	0.001298709	0.0055829403	0.005038576	0.0011079098	0.0012387487	0.9633324	0.021400752
22	24490724	22.269775000000003	.	0.0001146307	0.00012780029	0.00069168414	0.00074790104	0.0002463763	0.00012934548	0.9944711	0.0034712383	0.000215148	0.00027100628	0.0008753615	0.00043579607	0.00024504052	0.00031324278	0.9949079	0.002736422
22	24625634	22.335385000000002	.	0.00019958413	0.00010642375	0.00029140135	0.00074946583	0.00013033839	9.812643e-05	0.99811065	0.0003139911	0.0006089886	0.00067730696	0.0032711874	0.004758699	0.0013990969	0.0010333239	0.9862092	0.0020421355
22	24736666	22.365775	.	0.00050200126	0.00016231889	0.0004516366	0.001886805	0.00032251613	0.00015874473	0.99565375	0.0008621633	0.0018932332	0.002088529	0.055115543	0.0050424626	0.0029936521	0.0026540125	0.92498463	0.005227945
22	24862506	22.389665	.	0.00017572074	0.00014354633	0.00020652624	0.00087332824	0.00015399893	0.00014028224	0.9980331	0.0002735204	0.0013970914	0.0018207063	0.004955335	0.012567409	0.001512332	0.0024603705	0.9675889	0.0076977923
22	24982312	22.495815	.	0.00017581673	0.00016075703	0.00037882887	0.0011176061	0.00018320828	0.0002204088	0.9971033	0.00066005986	0.0019212853	0.0023457755	0.010362639	0.018844824	0.002519827	0.0036095423	0.9574699	0.0029262216
22	25082348	22.664884999999998	.	9.7999204e-05	0.00010731835	0.00012590224	0.003682343	0.00013761	0.00014397602	0.9952501	0.00045466897	0.0010656134	0.0013006557	0.012845418	0.011129533	0.0013102231	0.0018837961	0.9677242	0.0027405673
22	25174587	22.823815	.	7.22325e-05	8.6710585e-05	0.00020524052	0.00045952038	7.284681e-05	9.220827e-05	0.9988022	0.00020899513	0.0002958293	0.0003315993	0.021409268	0.00087075273	0.00030749527	0.00043430954	0.9757592	0.00059146364
22	25262039	23.067095000000002	.	0.00013983413	0.00017362204	0.0001528062	0.001814379	0.00016535926	0.00014789132	0.9966085	0.00079764833	0.0017392068	0.0016351421	0.014130721	0.0046499264	0.0022713256	0.0033494656	0.9675986	0.0046255873
22	25356830	23.31312	.	9.5158866e-05	9.968428e-05	0.00015268919	0.00096146704	0.0001015991	0.000111593086	0.9980234	0.00045447162	0.0014171343	0.0017455637	0.009034141	0.0035507355	0.0027384213	0.001753014	0.976154	0.0036070044
22	25485016	23.552915	.	6.986771e-05	7.414201e-05	0.00011714284	0.00040296707	0.00013123418	7.69673e-05	0.9989247	0.00020293272	0.0006666	0.0010353826	0.0038275893	0.004703781	0.0008416045	0.0009365315	0.98630667	0.0016818449
22	25603840	23.912075	.	7.288337e-05	8.448243e-05	0.00017686159	0.0005099167	8.772335e-05	8.215515e-05	0.9988175	0.00016841941	0.0007377249	0.0008043158	0.002159448	0.0034386136	0.00074592745	0.0007924636	0.99021834	0.0011031996
22	25679074	24.269465	.	0.00010909605	9.7000484e-05	0.00014473002	0.0002526947	0.00011148334	0.00010365537	0.99895585	0.00022548514	0.0003857173	0.000422036	0.0007261413	0.0016728085	0.00041273437	0.00043465328	0.99491197	0.0010339898
22	25744902	24.458835	.	0.00019635522	0.00015797428	0.0002477376	0.00047058717	0.00040320592	0.00025533268	0.9979538	0.00031499052	0.00017706283	0.00026558994	0.0007877809	0.0006998805	0.0003489115	0.0004271962	0.9966618	0.00063185586
22	25817782	24.556035	.	0.00011370415	0.0001225212	0.00021837892	0.00018417991	0.00023448218	0.00014842679	0.9987405	0.00023786444	0.005672881	0.0005509259	0.00065316283	0.009115489	0.00075797125	0.0006497917	0.9813317	0.0012680072
22	25901158	24.732745	.	0.0001732994	0.00019199552	0.00046540328	0.0007786512	0.00019272491	0.0002362243	0.99762076	0.00034093953	0.004185259	0.0009938861	0.0062906905	0.012868291	0.0016071746	0.0030706306	0.9687676	0.002216517
22	26014364	24.857215	.	0.00011162239	0.0001219457	0.0003178995	0.0009875002	0.00014559929	0.00013589917	0.9978485	0.00033098937	0.00033914734	0.00027885972	0.0003711885	0.0027470598	0.00026415606	0.00042769968	0.99436	0.0012118758
22	26132352	24.982575	.	0.00020611449	0.00020540376	0.0009206256	0.0010041507	0.00062018726	0.00030281878	0.99627894	0.0004617884	0.00015688478	0.00014249486	0.00024998732	0.0014063577	0.00015256256	0.00039643692	0.9970721	0.00042321056
22	26225178	25.14773	.	0.00034924204	0.00035704943	0.0021189854	0.0013180709	0.00048024673	0.0005195291	0.99378526	0.0010716321	0.00014017464	0.00019137724	0.00044990063	0.0012731834	0.00018785616	0.00018161307	0.99727434	0.00030158128
22	26320125	25.492820000000002	.	9.584061e-05	0.00010099238	0.00044464754	0.0006433793	0.00013300873	0.0001898408	0.99819225	0.00020006316	5.762258e-05	5.7138397e-05	0.00010452267	0.00024366741	8.8170236e-05	7.018712e-05	0.9990074	0.0003713182
22	26426242	26.066454999999998	.	0.00017935547	0.0001878907	0.0004376354	0.004599797	0.00020336492	0.00026757678	0.9937319	0.00039245287	7.604355e-05	0.00012178501	0.0008563316	0.00035271014	0.00012824623	0.0001279628	0.9979545	0.00038241094
22	26538778	26.42914	.	0.00033849248	0.0003208986	0.0038822887	0.002605533	0.00028557976	0.000461288	0.9912254	0.0008804584	9.209494e-05	0.00010831119	0.00019725545	0.00053348165	0.00012047719	0.00012758952	0.9984388	0.0003819689
22	26649124	26.640105	.	0.0003678411	0.0003875673	0.005510134	0.0032145523	0.00039720722	0.00049632107	0.9890326	0.0005937326	8.24395e-05	0.00010408437	0.00022887962	0.00013377653	8.792628e-05	0.00013738482	0.9990452	0.00018026614
22	26746299	26.99118	.	8.664159e-05	9.131508e-05	0.0005707819	0.0010308085	0.00020945391	0.00014335249	0.9975963	0.00027133414	5.801506e-05	6.477025e-05	0.00018775345	0.0002558297	9.72732e-05	9.894874e-05	0.99901104	0.00022636075
22	26853596	27.295035	.	0.0007915026	0.0008082158	0.002234848	0.009582508	0.0012199384	0.00090455904	0.9783951	0.006063284	0.00010335308	0.00011305018	0.00031416694	0.00016266778	0.00015957643	0.00023195085	0.998642	0.0002731707
22	26970602	27.432315000000003	.	7.87728e-05	0.00010185804	0.00026098918	0.0044627106	0.00010815179	0.0001245634	0.99421495	0.0006480625	0.00010416384	0.000112359536	0.00034609373	0.0005426282	0.00010504981	0.0012808823	0.9972045	0.0003043697
22	27074048	27.567590000000003	.	6.593491e-05	6.253461e-05	0.00022194666	0.0011449131	7.821979e-05	9.0312664e-05	0.99820113	0.00013494625	6.593336e-05	5.2895895e-05	0.00015129664	0.00032574128	0.00017497272	7.574516e-05	0.9990433	0.00011013649
22	27180156	28.070985	.	0.00015488874	0.00020901277	0.00052563596	0.0019791338	0.00030945224	0.00016479756	0.9963605	0.00029663814	6.8657915e-05	8.688042e-05	0.00021211285	0.0007372458	8.38919e-05	0.00018083723	0.9972639	0.0013664424
22	27286998	28.655234999999998	.	0.00014557967	0.00015789462	0.0015046597	0.0011681686	0.000314453	0.00017204037	0.996229	0.00030818628	5.4500113e-05	6.0009617e-05	0.0001369968	0.0016986566	7.647932e-05	8.0556085e-05	0.9977506	0.00014217103
22	27382031	29.176785000000002	.	0.00012665214	0.0001312618	0.00039081316	0.00030901068	0.00017240123	0.00014729168	0.99859864	0.00012396202	8.4563835e-05	7.463088e-05	0.00015960218	0.0009575501	8.520424e-05	0.00013639695	0.9983165	0.00018557256
22	27471010	29.65493	.	0.0001414705	0.00016651662	0.0013937413	0.00025916292	0.00014803659	0.00015703324	0.9974904	0.00024364385	7.741142e-05	6.4772255e-05	0.000103179744	0.00025317582	7.264658e-05	9.9367906e-05	0.9991755	0.00015387702
22	27561100	29.93901	.	0.00012771893	0.0001272784	0.0012565402	0.00042223226	0.00013081692	0.0001619013	0.99751365	0.0002598887	4.4282435e-05	4.8415986e-05	8.2759914e-05	0.00013090407	6.556833e-05	5.861006e-05	0.99949074	7.870496e-05
22	27656475	30.503715	.	0.00013411598	0.00011611166	0.0010117478	0.00020900597	0.00012880587	0.00014212777	0.99803513	0.00022295023	0.0006060996	9.966097e-05	0.0001199802	0.00015677825	8.950181e-05	9.431932e-05	0.998722	0.00011163863
22	27744516	31.05045	.	6.8332025e-05	6.8096335e-05	0.00021484008	0.00018493563	8.116641e-05	7.87338e-05	0.9991708	0.00013315753	0.00023872285	5.6960715e-05	8.3353414e-05	6.946754e-05	6.3057465e-05	8.2558334e-05	0.99929714	0.000108739274
22	27833694	31.539009999999998	.	9.770995e-05	0.00010551894	0.00023647601	0.0002572282	0.00025438084	0.00010891915	0.998841	9.882713e-05	0.000119283926	6.738906e-05	6.794526e-05	0.00010969434	5.8693313e-05	6.146773e-05	0.9994301	8.53867e-05
22	27925222	32.063215	.	7.1509625e-05	6.552612e-05	0.0001657075	0.00011542934	8.6405846e-05	9.009584e-05	0.9993237	8.1574086e-05	0.0001280674	9.413822e-05	0.00018796882	0.00015095297	8.89597e-05	9.658704e-05	0.9990656	0.00018781777
22	28021990	32.428935	.	5.367161e-05	6.6404406e-05	6.525114e-05	0.00011524196	5.504809e-05	5.9137557e-05	0.9994937	9.146538e-05	6.144142e-05	7.5561475e-05	0.0001797645	0.00010749759	6.5360335e-05	7.1693365e-05	0.9993387	9.998028e-05
22	28132745	32.864320000000006	.	3.9738352e-05	3.8841812e-05	5.5725468e-05	7.5532495e-05	6.14815e-05	4.161284e-05	0.99963593	5.1085917e-05	8.823486e-05	6.191323e-05	9.092736e-05	0.00013974588	9.014038e-05	8.610776e-05	0.9993401	0.00010277717
22	28283748	33.257580000000004	.	4.499435e-05	4.6272344e-05	8.9230736e-05	7.123939e-05	6.8476416e-05	5.4243326e-05	0.99955803	6.751579e-05	5.7152152e-05	7.411515e-05	0.00024871738	0.00020450506	8.609249e-05	7.475845e-05	0.99915826	9.637222e-05
22	28459930	33.39442	.	7.282236e-05	6.9066795e-05	0.00027958959	0.00012298064	8.906942e-05	7.2949144e-05	0.9992213	7.2200404e-05	4.5120436e-05	4.9074275e-05	0.00012871562	8.518064e-05	5.147572e-05	8.402255e-05	0.9994973	5.911206e-05
22	28634214	33.41505	.	4.729891e-05	4.6293517e-05	0.00024372633	5.999849e-05	6.1707586e-05	4.661382e-05	0.99943	6.433247e-05	3.8997117e-05	4.78083e-05	8.624596e-05	5.5034936e-05	6.828547e-05	5.1511353e-05	0.9995333	0.00011886515
22	28820806	33.43271	.	7.213407e-05	7.2384835e-05	0.000169695	7.0939444e-05	5.4925185e-05	5.2843152e-05	0.999433	7.4082105e-05	4.1966683e-05	4.7975107e-05	0.00014765935	9.553873e-05	5.4697615e-05	4.5162153e-05	0.9994887	7.822156e-05
22	29010148	33.449735000000004	.	5.2069034e-05	5.8367685e-05	0.0001880531	9.001202e-05	5.7984093e-05	5.5982182e-05	0.9994286	6.896257e-05	5.6557936e-05	5.5030127e-05	0.00015128213	9.7417775e-05	8.601853e-05	7.303529e-05	0.9993963	8.4372165e-05
22	29168851	33.47054	.	9.080986e-05	0.00023184663	0.00021001404	0.000111021734	7.447692e-05	7.48706e-05	0.99912196	8.502288e-05	5.0162056e-05	4.998908e-05	0.00016232554	6.714947e-05	6.4856664e-05	5.05202e-05	0.99946576	8.9292465e-05
22	29301162	33.491209999999995	.	0.0004273083	0.00012519665	0.00011339065	0.0001727959	6.379532e-05	7.6624136e-05	0.99893373	8.7145985e-05	6.73378e-05	8.25683e-05	0.00013250239	8.849783e-05	0.00014996786	7.435107e-05	0.9992873	0.00011749063
22	29430690	33.59780000000001	.	0.0020515774	0.00014006835	7.937952e-05	0.00010004737	6.118474e-05	6.2884625e-05	0.9974291	7.573536e-05	5.5147557e-05	7.146166e-05	9.894596e-05	7.4740914e-05	7.080695e-05	6.0883423e-05	0.99950325	6.480105e-05
22	29543912	33.734755	.	0.00019007309	6.035946e-05	6.364732e-05	9.905141e-05	6.318781e-05	5.9533322e-05	0.99938023	8.38403e-05	5.77567e-05	6.348343e-05	0.00026817908	0.00013717798	7.4198e-05	5.935596e-05	0.99922633	0.000113516595
22	29658302	33.889115000000004	.	0.00013757248	0.00012292078	0.00010293057	0.00011590998	6.0951552e-05	6.313382e-05	0.9993305	6.611453e-05	5.110509e-05	4.841879e-05	0.00011352431	9.341328e-05	5.848542e-05	5.7063306e-05	0.99950767	7.0358285e-05
22	29784504	34.072955	.	4.54826e-05	0.00017949543	7.50352e-05	0.000108285065	4.3207932e-05	4.7932845e-05	0.9994505	5.0028426e-05	6.0787672e-05	6.207125e-05	0.00010928777	0.00027724597	7.206512e-05	6.514143e-05	0.9992447	0.0001087544
22	29910350	34.167615	.	6.343716e-05	4.3641616e-05	4.924225e-05	5.982534e-05	6.9239686e-05	4.14193e-05	0.99962604	4.711265e-05	5.7250032e-05	5.4513606e-05	7.7447396e-05	0.00017283265	7.912229e-05	6.3049134e-05	0.99943393	6.186775e-05
22	30047656	34.21714	.	7.26989e-05	6.1019215e-05	7.682066e-05	0.00013505222	5.9765596e-05	5.407617e-05	0.99948335	5.7246256e-05	6.261545e-05	4.3905646e-05	5.3550884e-05	5.7972593e-05	4.1614963e-05	5.7934016e-05	0.99962115	6.124142e-05
22	30180547	34.25814	.	7.146889e-05	8.154277e-05	0.00010711319	0.00010043811	7.367759e-05	7.018601e-05	0.9994261	6.950652e-05	3.919745e-05	4.1630825e-05	5.405571e-05	6.578338e-05	5.0304992e-05	4.203492e-05	0.9996408	6.611949e-05
22	30295723	34.278495	.	6.381163e-05	6.2558676e-05	9.723314e-05	8.506583e-05	5.7742494e-05	6.575209e-05	0.99945897	0.0001088514	4.3661625e-05	5.014732e-05	0.00011857215	0.00014154977	8.5437474e-05	6.0516675e-05	0.9994123	8.788413e-05
22	30416147	34.29024	.	5.2619933e-05	5.2438485e-05	6.715663e-05	7.603844e-05	5.191977e-05	5.2995623e-05	0.99957234	7.450148e-05	6.7995235e-05	6.437242e-05	0.0001068828	9.093346e-05	0.00012526661	8.5731845e-05	0.9993938	6.4975866e-05
22	30554313	34.33202	.	6.910147e-05	6.886319e-05	0.00013077736	7.1583585e-05	6.983692e-05	7.764428e-05	0.9994209	9.1289476e-05	5.9788188e-05	5.8521895e-05	0.00012574407	7.4906275e-05	5.4368036e-05	7.952665e-05	0.9994265	0.000120718345
22	30704687	34.40097	.	4.4259552e-05	4.6263223e-05	0.00018389145	5.0409904e-05	4.5153716e-05	4.9272694e-05	0.9995327	4.801805e-05	6.1133826e-05	5.907509e-05	0.0002208727	0.00017719698	5.9783764e-05	7.8247904e-05	0.99920386	0.0001398823
22	30845882	34.47123	.	4.844077e-05	4.9607483e-05	9.878684e-05	7.477951e-05	5.3149644e-05	5.2450436e-05	0.99956566	5.7105703e-05	0.00012028482	4.2903845e-05	0.0001258154	4.4069897e-05	5.2467523e-05	5.3729484e-05	0.99951184	4.8950136e-05
22	30963526	34.59013	.	7.175681e-05	8.0802245e-05	0.00015995963	0.0001289416	6.7383e-05	7.478768e-05	0.9993393	7.706051e-05	0.00032067244	5.641978e-05	0.00015968851	7.6753146e-05	6.672685e-05	9.849924e-05	0.9991375	8.372439e-05
22	31066071	34.714025	.	8.07e-05	8.0421654e-05	0.00020211563	0.000118999655	0.00013752258	8.5954125e-05	0.99920434	8.997337e-05	8.01974e-05	4.485814e-05	0.00017276591	0.00012797384	4.5630954e-05	0.00024763984	0.9992176	6.3274296e-05
22	31177828	34.77466	.	4.402e-05	4.5171124e-05	0.00012360404	4.2996544e-05	6.855375e-05	6.0964594e-05	0.9995653	4.940756e-05	0.0011700441	0.0001290387	0.00026212292	0.00022819398	0.00012980284	0.00038207846	0.9974821	0.00021665591
22	31315996	34.856385	.	8.6547516e-05	6.313043e-05	7.2106566e-05	9.8163626e-05	6.484768e-05	6.482857e-05	0.9994789	7.155545e-05	0.0002649756	4.9977916e-05	0.00021100749	5.2353138e-05	9.413881e-05	0.00017681271	0.999092	5.8789396e-05
22	31458036	35.01484	.	0.00015109028	0.00013219287	0.00015835454	0.00013558533	0.00012986186	0.00014609829	0.9989888	0.00015795228	9.0015434e-05	6.4228145e-05	0.00018010962	9.3715484e-05	0.000100393525	0.00017737292	0.9992083	8.595872e-05
22	31596576	35.148495	.	5.5246215e-05	5.360993e-05	9.189083e-05	0.00013315081	5.425294e-05	5.417952e-05	0.9994968	6.0782782e-05	3.5199875e-05	3.5078498e-05	0.00055632764	5.0324692e-05	3.5499266e-05	0.0002287427	0.9990038	5.50735e-05
22	31750218	35.193034999999995	.	5.8300302e-05	5.0822695e-05	7.163882e-05	0.00013512491	5.7470817e-05	5.584976e-05	0.99948454	8.6270215e-05	7.831839e-05	0.00010833685	0.003039559	8.0493366e-05	8.409543e-05	0.00016037891	0.99635315	9.5721705e-05
22	31896183	35.208505	.	4.1674703e-05	4.021727e-05	4.9913586e-05	0.00010816339	4.29535e-05	4.3022086e-05	0.9996061	6.801953e-05	3.998452e-05	3.984664e-05	0.000812123	5.0331742e-05	4.0580733e-05	6.321925e-05	0.9988865	6.744059e-05
22	32017576	35.224334999999996	.	3.753863e-05	4.250051e-05	4.77836e-05	5.4535052e-05	3.9108294e-05	5.5395176e-05	0.9996736	4.9513954e-05	4.055322e-05	4.8510767e-05	0.000626915	7.969536e-05	4.1298594e-05	6.4634616e-05	0.99904925	4.9095986e-05
22	32137181	35.236965	.	0.000112865986	3.9760005e-05	7.087595e-05	8.89282e-05	3.6423426e-05	4.2091764e-05	0.9995722	3.6885333e-05	3.0640134e-05	3.6535752e-05	0.0012285252	3.9673898e-05	3.177137e-05	5.2728872e-05	0.99854016	3.9917817e-05
22	32267316	35.303325	.	0.00018408832	4.280547e-05	9.457998e-05	5.8756577e-05	3.6920686e-05	6.678374e-05	0.99946886	4.722642e-05	4.6122404e-05	5.3616728e-05	0.000845101	6.545957e-05	5.3059182e-05	5.5580254e-05	0.9988288	5.225516e-05
22	32395473	35.386195	.	7.05952e-05	4.219438e-05	0.00028778115	7.665061e-05	3.8432383e-05	5.1555297e-05	0.9993789	5.3793807e-05	3.9113944e-05	3.897903e-05	0.00018078637	4.744071e-05	3.9428352e-05	4.514137e-05	0.9995596	4.950859e-05
22	32514624	35.436049999999994	.	0.00016249862	6.8784924e-05	8.9223715e-05	0.0002073329	6.797259e-05	8.9256064e-05	0.99921834	9.659361e-05	6.161286e-05	5.9787944e-05	0.00016535287	6.5125314e-05	6.4483385e-05	8.9208836e-05	0.99941576	7.8649085e-05
22	32621017	35.618355	.	3.2302138e-05	2.91833e-05	5.2653024e-05	9.688696e-05	2.9595953e-05	3.3187902e-05	0.99967265	5.3525764e-05	5.5254353e-05	5.224118e-05	0.0001596534	9.3599745e-05	5.977794e-05	7.755393e-05	0.9994381	6.378117e-05
22	32706840	35.81618	.	6.939329e-05	7.7388264e-05	0.0008378188	0.00016118813	6.8469875e-05	0.00013316506	0.9985109	0.00014165738	3.0364543e-05	3.025981e-05	9.245595e-05	3.8829767e-05	4.574994e-05	3.1443087e-05	0.99968064	5.0265655e-05
22	32787584	35.953165	.	6.8830515e-05	7.7609584e-05	0.00086120033	0.00018853799	6.7914654e-05	7.590776e-05	0.99853325	0.00012679202	4.3437438e-05	5.098981e-05	0.00020746968	6.652647e-05	4.420993e-05	4.853983e-05	0.9994591	7.977887e-05
22	32877460	36.240695	.	0.000112389615	0.00011200207	0.00094284484	0.00020915164	0.00011329291	0.00018035846	0.9981413	0.000188649	9.785427e-05	9.992063e-05	0.0009474665	0.00036380198	0.00016648365	0.0001143777	0.9978942	0.0003159184
22	32974376	36.626935	.	6.707767e-05	7.026764e-05	0.00086135475	9.9027035e-05	7.6900236e-05	9.9339835e-05	0.9986313	9.470851e-05	6.273053e-05	6.854081e-05	0.0008648883	0.00015930017	6.77638e-05	8.859382e-05	0.9985964	9.182058e-05
22	33093136	36.934264999999996	.	7.485792e-05	7.653146e-05	0.0005785457	0.00011361839	9.8203884e-05	0.00017836878	0.99879646	8.336967e-05	4.1070765e-05	3.588082e-05	0.00022006115	9.2434435e-05	3.8038586e-05	4.3708722e-05	0.9994785	5.027874e-05
22	33221553	37.10154	.	4.753852e-05	4.888882e-05	0.00020053305	7.6115146e-05	6.792468e-05	0.00037049016	0.99909604	9.253062e-05	3.982478e-05	3.9660437e-05	9.7188975e-05	0.000100055906	4.0744628e-05	4.716716e-05	0.9995635	7.185332e-05
22	33342296	37.172965000000005	.	4.280176e-05	4.637499e-05	0.0001539896	0.00010577304	4.6642268e-05	9.4506955e-05	0.99945277	5.708902e-05	4.126476e-05	5.1094205e-05	6.619331e-05	8.551872e-05	8.727382e-05	4.494845e-05	0.9995426	8.1201106e-05
22	33463649	37.41675	.	5.276864e-05	5.765622e-05	0.00041041072	0.00011260767	5.7493147e-05	9.173913e-05	0.9991351	8.2300954e-05	0.00014913062	4.676832e-05	7.6085336e-05	7.492418e-05	5.5648346e-05	4.73658e-05	0.9994899	6.0138886e-05
22	33577614	37.688379999999995	.	7.904043e-05	7.969987e-05	0.0015452227	0.00012983952	7.422273e-05	0.0010085169	0.99696416	0.00011932348	0.00024729955	0.00016238156	6.4164786e-05	5.5192933e-05	3.984454e-05	4.3581953e-05	0.99934644	4.1042436e-05
22	33682482	37.874759999999995	.	4.864487e-05	6.0309536e-05	0.00023136765	0.0001503515	7.844691e-05	0.00013110589	0.9992262	7.35673e-05	4.5417473e-05	5.840123e-05	4.887914e-05	0.00015832283	4.2308795e-05	3.3277796e-05	0.9995739	3.954505e-05
22	33781882	38.16563	.	3.37421e-05	3.586823e-05	8.261317e-05	7.649715e-05	3.3293127e-05	6.017905e-05	0.99961483	6.29375e-05	4.411027e-05	4.2535765e-05	4.2711734e-05	0.00017118797	3.733144e-05	4.301316e-05	0.99957114	4.794302e-05
22	33879442	38.40819	.	4.4232052e-05	4.4253862e-05	0.00037866004	7.2991446e-05	5.1452767e-05	8.360183e-05	0.9992575	6.7340676e-05	3.70551e-05	3.7147693e-05	5.33068e-05	0.00024315619	6.2940824e-05	5.2408282e-05	0.9994617	5.2291758e-05
22	33980700	38.598835	.	3.641421e-05	3.6288613e-05	0.00034688512	5.1266634e-05	3.967443e-05	0.00019943726	0.9992422	4.781612e-05	8.16349e-05	8.64814e-05	8.015349e-05	0.00015591717	7.770188e-05	6.734805e-05	0.9993747	7.6091004e-05
22	34081474	38.81877	.	4.757215e-05	4.8765174e-05	0.00016803565	8.271244e-05	5.372022e-05	7.8231365e-05	0.9994711	4.9830804e-05	4.3615342e-05	0.00015400362	4.9872928e-05	6.5726934e-05	4.834039e-05	6.672711e-05	0.99950933	6.240969e-05
22	34177202	38.9677	.	4.5354343e-05	4.869845e-05	6.584069e-05	7.198139e-05	7.106887e-05	7.318623e-05	0.9995629	6.0888393e-05	4.2203505e-05	4.3246422e-05	5.9998667e-05	8.777723e-05	8.042917e-05	4.3908607e-05	0.9995875	5.4965014e-05
22	34275137	39.079980000000006	.	7.066418e-05	6.646876e-05	0.00020356767	0.00016736495	6.92402e-05	7.786838e-05	0.9992637	8.108676e-05	3.791435e-05	4.2000192e-05	5.492751e-05	8.9922796e-05	4.2490294e-05	4.614293e-05	0.99963737	4.9234826e-05
22	34385313	39.283285	.	4.0586558e-05	4.0446568e-05	0.00013536827	8.977289e-05	7.50555e-05	8.5955595e-05	0.99947876	5.4075146e-05	4.136037e-05	5.1777144e-05	8.753795e-05	7.850571e-05	5.159816e-05	8.510603e-05	0.9995499	5.4194596e-05
22	34497327	39.48329	.	5.1847826e-05	4.9173952e-05	0.00012533547	8.2822575e-05	4.8687532e-05	5.98687e-05	0.9995266	5.5658187e-05	4.1761785e-05	4.2212534e-05	9.629649e-05	0.00013371611	4.6918274e-05	5.6204393e-05	0.99951816	6.478372e-05
22	34610588	39.60443	.	8.616027e-05	8.600182e-05	0.00015741364	0.00012636567	9.430655e-05	9.85542e-05	0.99915075	0.00020042302	4.7836096e-05	4.4177745e-05	0.0006731235	0.000101767226	5.9643568e-05	8.939286e-05	0.99892384	6.020315e-05
22	34722844	39.660759999999996	.	0.00010572341	0.00010027118	0.00019592885	0.0001434547	0.00010911377	0.00012387247	0.9990828	0.00013881663	3.8468454e-05	3.9433242e-05	0.00032409801	6.652383e-05	4.0272553e-05	8.60637e-05	0.9993538	5.1356194e-05
22	34815780	39.728285	.	7.530265e-05	8.451121e-05	0.00017680207	0.00022335729	0.00010086683	0.00014155474	0.99902236	0.0001751908	4.2925258e-05	5.568275e-05	0.00021984387	7.674816e-05	4.616377e-05	6.043395e-05	0.9994272	7.108429e-05
22	34895218	39.819985	.	5.062873e-05	5.3771815e-05	0.00023444716	0.000112954454	5.1035695e-05	6.07481e-05	0.999363	7.346253e-05	4.5825327e-05	4.5667268e-05	0.00014337586	9.4442206e-05	6.1565e-05	6.9399044e-05	0.99947983	5.997813e-05
22	34978618	39.914815000000004	.	3.9262173e-05	3.9126786e-05	5.237156e-05	0.00015664019	4.7365724e-05	5.438634e-05	0.9995493	6.144083e-05	7.09539e-05	7.1797615e-05	0.0007954699	0.00011288997	9.265703e-05	0.00010085122	0.99867344	8.199631e-05
22	35073087	39.97786	.	4.7677113e-05	5.0021827e-05	0.0001530227	9.405347e-05	6.606938e-05	4.8017475e-05	0.9994711	7.0082155e-05	4.115148e-05	4.0941548e-05	0.00010649367	4.9890787e-05	5.9983755e-05	5.694594e-05	0.99956113	8.3427294e-05
22	35168558	40.022310000000004	.	5.1920197e-05	5.1741157e-05	0.00011062162	9.279135e-05	5.5682583e-05	6.6378445e-05	0.99947757	9.327436e-05	4.801507e-05	4.699441e-05	0.00014027076	5.457304e-05	4.6443987e-05	5.9505048e-05	0.99954695	5.7282068e-05
22	35268227	40.089465000000004	.	4.953323e-05	5.2205127e-05	0.0001607746	6.204315e-05	5.2833708e-05	6.5528e-05	0.99944204	0.00011499799	3.817442e-05	4.136135e-05	5.8096124e-05	5.0857765e-05	5.2893996e-05	4.2689684e-05	0.99967456	4.132192e-05
22	35371658	40.259	.	4.7339654e-05	5.3398977e-05	0.00016260667	6.0766077e-05	4.822779e-05	5.5120956e-05	0.9991097	0.00046288015	4.042716e-05	3.916489e-05	5.541104e-05	0.000118191616	9.7155134e-05	4.048646e-05	0.9995709	3.8248443e-05
22	35475512	40.44775	.	4.4872853e-05	4.7683843e-05	0.0013901155	5.749307e-05	5.6086847e-05	5.053647e-05	0.99823654	0.00011667005	5.27873e-05	5.3093918e-05	0.00022313162	7.32703e-05	6.904916e-05	5.8413778e-05	0.9994017	6.859131e-05
22	35578663	40.54318000000001	.	8.552344e-05	0.00011630156	0.0012626299	0.00046653286	0.00012988018	0.00010805074	0.99764735	0.0001837255	4.4506374e-05	4.4352862e-05	0.0004574679	8.670082e-05	4.9657265e-05	5.0925493e-05	0.99920326	6.3191794e-05
22	35690268	40.62773	.	4.534638e-05	4.9754788e-05	0.00043578012	0.00010341563	4.474296e-05	7.395745e-05	0.9991473	9.9716526e-05	6.489932e-05	7.1881346e-05	0.0004990625	8.665188e-05	6.724262e-05	7.778351e-05	0.9990326	9.988896e-05
22	35806776	40.91149	.	0.00010621249	0.00014383026	0.0011856743	0.0004888228	0.000118712655	0.00013466038	0.9976713	0.0001507745	4.591094e-05	4.721497e-05	0.00025360924	8.120167e-05	4.9505878e-05	5.2250445e-05	0.9993161	0.00015419631
22	35912346	41.437535	.	8.274912e-05	8.0298254e-05	0.0026187063	0.00022503843	9.242942e-05	9.408934e-05	0.9966897	0.00011693984	3.692238e-05	3.6795027e-05	0.00042691245	7.944415e-05	4.9419104e-05	4.922827e-05	0.99921834	0.00010297086
22	36017006	41.80876	.	0.00010915695	0.00011906452	0.0033092252	0.000216908	0.0001489032	0.00014757628	0.9957535	0.00019561163	3.107658e-05	3.2189775e-05	0.00015539431	8.959692e-05	5.1427734e-05	3.3047392e-05	0.9995394	6.790695e-05
22	36136700	42.02181	.	5.1014747e-05	5.2091968e-05	0.0014922308	9.604095e-05	7.25469e-05	6.129593e-05	0.9980939	8.0852e-05	5.8215195e-05	7.170692e-05	0.00030954278	0.00014607549	6.208972e-05	7.203392e-05	0.9990978	0.00018254283
22	36307150	42.153695	.	0.00025699026	0.0002561041	0.014684196	0.00035387577	0.00033390376	0.0002753372	0.9833362	0.000503415	4.379411e-05	6.984544e-05	0.000370291	7.21693e-05	6.899288e-05	5.2985008e-05	0.9991167	0.00020523761
22	36466674	42.22768	.	0.000105093946	0.00011482804	0.0033567422	0.00013799382	0.00015003163	0.0001221618	0.99578804	0.00022517066	4.345971e-05	4.337975e-05	0.0001076223	9.419052e-05	4.7713267e-05	7.581611e-05	0.999491	9.678911e-05
22	36559938	42.387625	.	0.00013813836	0.00016671138	0.0014741449	0.0002501513	0.00014548608	0.00020384866	0.9972229	0.0003985826	3.399986e-05	4.387393e-05	8.915472e-05	7.572302e-05	3.9374907e-05	4.4161017e-05	0.9995727	0.00010095542
22	36644260	42.742485	.	0.00017900909	0.00018896961	0.0059887106	0.00030649666	0.00018962637	0.00021196275	0.9926843	0.00025093206	3.1613796e-05	3.251177e-05	0.00019849202	0.00012342082	5.7628182e-05	4.50662e-05	0.9993666	0.0001446918
22	36747871	43.07006	.	0.00019324766	0.00019214615	0.010142768	0.0002488392	0.00019814195	0.00022559913	0.9884293	0.00036994639	3.322979e-05	3.617377e-05	6.580917e-05	0.0003218735	4.7192087e-05	5.1311996e-05	0.99806243	0.0013819751
22	36848644	43.157295	.	0.0001492616	0.00017936587	0.01188179	0.0003597539	0.00042772994	0.00024227501	0.98651946	0.00024033185	3.975175e-05	4.25756e-05	7.606943e-05	0.00024621826	6.6931716e-05	4.611856e-05	0.999321	0.00016139122
22	36943064	43.370505	.	9.949895e-05	0.00011910442	0.016929548	0.00029070384	9.880773e-05	0.00012912853	0.9821624	0.00017079267	4.98221e-05	4.9627768e-05	6.807731e-05	0.00032561136	0.00016526348	4.415366e-05	0.9991203	0.0001771144
22	37053337	43.75526	.	6.841405e-05	7.649481e-05	0.0004571028	0.0002719389	0.00010472586	0.00013445373	0.9987734	0.00011346439	4.5498957e-05	5.0315328e-05	8.339253e-05	0.00025410752	7.039386e-05	6.389849e-05	0.99933904	9.3285445e-05
22	37170317	44.094775	.	7.39428e-05	9.5416995e-05	0.000825457	0.00023755846	0.00015391778	0.000106228326	0.99836653	0.0001409521	4.0249874e-05	4.6952024e-05	9.058157e-05	0.00029593226	5.050907e-05	6.611213e-05	0.9993418	6.783081e-05
22	37275406	44.404259999999994	.	0.00015897032	0.00022320403	0.0011014919	0.0009464876	0.00020183042	0.00023799292	0.9961856	0.0009443913	4.9183243e-05	5.1863113e-05	0.00011423555	0.00020013163	6.5599015e-05	6.4554406e-05	0.999255	0.00019935785
22	37373022	44.790785	.	0.00024082675	0.00037284417	0.002261851	0.00080104853	0.0007723746	0.0005524368	0.9945328	0.0004657422	3.376557e-05	3.9695362e-05	7.259769e-05	0.00010189466	3.653638e-05	5.7135163e-05	0.9995778	8.0522484e-05
22	37474575	45.112455	.	0.00021591359	0.0002455153	0.00043374122	0.00068108086	0.00029088117	0.00032891508	0.9973043	0.00049962965	3.42249e-05	4.0786043e-05	4.741472e-05	8.236634e-05	4.2636493e-05	4.8264068e-05	0.9995704	0.00013382568
22	37573930	45.439485000000005	.	4.545215e-05	6.195816e-05	0.00013619589	0.00016694756	5.2118008e-05	6.554942e-05	0.99940646	6.5333166e-05	4.243188e-05	5.035706e-05	7.960523e-05	0.00020138982	6.135269e-05	5.317736e-05	0.9993747	0.00013703253
22	37667846	45.84467	.	0.00013149543	0.00025789542	0.001338023	0.0002718938	0.00014864618	0.00018548161	0.9973725	0.0002940089	4.663566e-05	5.4183147e-05	8.6332366e-05	0.00022497305	0.00010435542	8.8112225e-05	0.9993112	8.423867e-05
22	37762207	46.174355	.	6.278204e-05	7.27763e-05	0.00048517023	0.000115137795	6.7761e-05	0.00012287321	0.9989894	8.411579e-05	3.7529706e-05	4.2900836e-05	6.1633735e-05	0.00013902773	0.00016425885	4.37152e-05	0.99942833	8.259233e-05
22	37868500	46.433944999999994	.	0.00014665638	0.00017565885	0.008154749	0.00046156195	0.00015632527	0.00021588324	0.990419	0.00027014708	3.0885127e-05	3.2479456e-05	5.458481e-05	6.632674e-05	3.635924e-05	3.807931e-05	0.9996233	0.00011793422
22	37976338	46.7588	.	0.00020911961	0.0002485316	0.008617617	0.00037591418	0.00029005876	0.00025698272	0.9897557	0.0002460882	2.8655108e-05	3.4774712e-05	5.2831678e-05	5.6529396e-05	3.169917e-05	3.3758464e-05	0.9997068	5.4964603e-05
22	38079186	47.003505000000004	.	0.00010907563	0.00046763942	0.0024263025	0.00012467107	0.0001176707	0.00015437165	0.99648166	0.00011856906	3.3350323e-05	3.7603997e-05	5.4844353e-05	0.0001249379	5.9583534e-05	4.1663185e-05	0.9994985	0.00014947534
22	38198766	47.04177	.	6.643424e-05	7.929623e-05	0.0011270682	0.00010452589	7.6164615e-05	8.574843e-05	0.99838674	7.402333e-05	4.1015395e-05	3.967221e-05	4.6059427e-05	6.104321e-05	5.000118e-05	5.597336e-05	0.9993722	0.00033402335
22	38342838	47.05462	.	7.2911644e-05	8.317715e-05	0.0008365729	9.585837e-05	0.00012233539	7.568644e-05	0.9986039	0.000109603854	4.6932102e-05	3.9846185e-05	4.842226e-05	6.666645e-05	4.9557893e-05	6.263576e-05	0.9996031	8.2923274e-05
22	38477758	47.14129	.	0.00012235911	0.00015956872	0.007470204	0.00014469743	0.00015684545	0.00014956109	0.99156946	0.00022731518	3.1215444e-05	3.634333e-05	4.8299866e-05	8.481249e-05	3.0800064e-05	7.088437e-05	0.9995852	0.00011238809
22	38584476	47.262245	.	0.00015039835	0.00015720719	0.0018243825	0.00016470678	0.00015321997	0.00016934577	0.99717736	0.0002033675	3.2859578e-05	4.425764e-05	4.0932835e-05	5.7375924e-05	5.409414e-05	5.469208e-05	0.9995925	0.00012330094
22	38691995	47.453815000000006	.	0.00012947962	0.00014599413	0.0012590456	0.0001858492	0.00014185772	0.00020892717	0.9977017	0.00022720093	3.1064883e-05	3.5596604e-05	3.3102126e-05	9.296798e-05	3.759213e-05	4.3044547e-05	0.9995453	0.00018136384
22	38809702	47.701595	.	5.6976158e-05	6.954577e-05	0.00030983856	6.839284e-05	6.283195e-05	6.0812803e-05	0.99928695	8.468972e-05	3.824074e-05	4.976292e-05	4.5511373e-05	0.00021656345	5.568422e-05	5.422607e-05	0.9993963	0.00014363622
22	38954880	47.81843	.	7.375765e-05	8.1413455e-05	0.00027241718	0.00019166706	8.925536e-05	0.00011029935	0.9990914	8.984179e-05	4.235431e-05	4.9913568e-05	4.3308748e-05	0.00021541871	4.8727572e-05	5.026687e-05	0.9994074	0.00014256446
22	39107378	47.86165	.	4.3509794e-05	5.485344e-05	0.00018043081	7.751172e-05	4.7413876e-05	5.5180637e-05	0.9994592	8.1883605e-05	5.0880644e-05	5.7270896e-05	8.550625e-05	0.00040059024	6.068496e-05	8.335871e-05	0.9990595	0.0002022103
22	39235923	47.92065	.	8.900438e-05	9.390252e-05	0.00040742822	0.00046332384	0.00010048555	9.848054e-05	0.9985202	0.00022723622	4.8527883e-05	5.4997632e-05	8.380701e-05	0.00027386413	5.94258e-05	5.790716e-05	0.9989139	0.0005075385
22	39346198	48.21565	.	7.0925045e-05	0.00010131079	0.00021355445	0.00033101396	0.000116208794	9.900244e-05	0.9989434	0.00012459063	3.322296e-05	3.641327e-05	6.386993e-05	0.00017207014	4.1836778e-05	5.0735893e-05	0.99943167	0.00017011576
22	39442255	48.55885	.	0.00011280389	0.000106986416	0.00028110552	0.00039256498	0.00012104261	0.000112955466	0.9985317	0.00034085923	3.0368754e-05	3.5142908e-05	4.527521e-05	0.0002693168	5.0724502e-05	3.7588055e-05	0.9991949	0.00033661327
22	39537302	48.76011	.	9.140741e-05	0.00012412039	0.0008125568	0.00019586654	0.00014400332	0.00018213953	0.9982851	0.00016476148	5.5110148e-05	6.191351e-05	9.970054e-05	0.0004170715	5.4376796e-05	0.00011125858	0.99875665	0.0004439659
22	39632664	48.980745	.	5.9475242e-05	5.92701e-05	0.00041019171	0.00027675324	6.982938e-05	0.00016167248	0.99885	0.00011281833	7.463039e-05	8.597003e-05	9.2970484e-05	0.00024588406	6.7769826e-05	7.426532e-05	0.9975153	0.0018431697
22	39720459	49.13496	.	8.134923e-05	9.42991e-05	0.0008371374	0.0003135002	0.000115308285	0.00017781461	0.99826616	0.000114470866	6.9018424e-05	6.691371e-05	6.11635e-05	0.00046186973	5.9876984e-05	0.0004249716	0.9986539	0.00020226395
22	39822690	49.271175	.	4.671254e-05	5.3022017e-05	0.0003665422	0.00023198302	4.7845562e-05	6.716048e-05	0.9990969	8.986697e-05	3.4213248e-05	3.5840305e-05	5.3393902e-05	0.00010694001	5.028077e-05	0.00021490468	0.99935204	0.00015241902
22	39945460	49.409025	.	0.00011919658	0.00012128514	0.0005994196	0.00045398533	0.00011193116	0.00015854993	0.9981517	0.00028385952	4.6480556e-05	4.698224e-05	5.5834946e-05	0.0003147497	4.567392e-05	7.0384835e-05	0.9993243	9.5611606e-05
22	40065560	49.661919999999995	.	5.1873518e-05	5.4800956e-05	0.000540996	8.9318375e-05	5.2796036e-05	8.171691e-05	0.9989772	0.00015135272	5.855582e-05	5.6916582e-05	6.792943e-05	0.00024901974	5.2688203e-05	0.000106562795	0.9992631	0.00014519112
22	40205967	49.868265	.	3.8679616e-05	4.1045918e-05	9.9340556e-05	5.6393e-05	4.2841635e-05	6.170873e-05	0.9995857	7.433123e-05	4.881388e-05	5.3778083e-05	0.000103693	0.00014048634	0.00012585022	0.00013060769	0.999308	8.882359e-05
22	40369102	49.952169999999995	.	5.7666482e-05	6.388091e-05	7.834934e-05	0.00014923252	7.2684634e-05	0.00023306	0.99916804	0.0001770739	4.7114394e-05	5.711715e-05	8.401011e-05	0.00012071446	5.180706e-05	6.358378e-05	0.999482	9.3674396e-05
22	40526396	50.06375	.	3.466321e-05	4.0678893e-05	4.5665638e-05	4.8451977e-05	3.3655808e-05	8.403796e-05	0.9996692	4.3618988e-05	3.560884e-05	4.1465322e-05	7.430003e-05	9.9632765e-05	3.946263e-05	7.901296e-05	0.9995493	8.114553e-05
22	40699634	50.12903	.	3.768477e-05	3.761547e-05	6.013412e-05	4.8348393e-05	3.9237904e-05	0.00012556823	0.99961287	3.8545964e-05	8.293238e-05	8.598704e-05	0.00013855091	0.00022393132	0.00014044973	0.000108221895	0.9990314	0.00018856117
22	40878436	50.170135	.	5.392721e-05	5.2610314e-05	0.0001040591	0.000120640354	6.608359e-05	0.0005300899	0.9990085	6.413684e-05	5.6132452e-05	5.6738365e-05	9.493347e-05	0.00013055993	6.7578156e-05	8.9302506e-05	0.99935704	0.00014767905
22	41036520	50.198260000000005	.	4.7222784e-05	4.9600327e-05	0.00015951315	8.3724066e-05	8.0421945e-05	9.2215996e-05	0.99943286	5.4362994e-05	3.9383194e-05	3.9247352e-05	0.0001297855	8.059518e-05	4.585554e-05	5.086197e-05	0.99954945	6.478662e-05
22	41179705	50.232095	.	4.5337634e-05	5.0119288e-05	0.00012903562	6.1258164e-05	4.7545935e-05	9.0001e-05	0.9994711	0.00010553971	3.299269e-05	3.7200785e-05	0.00046595273	5.479876e-05	3.6804708e-05	4.5892215e-05	0.99927634	4.9983613e-05
22	41332088	50.262685000000005	.	3.2961045e-05	3.2847387e-05	7.862091e-05	5.81541e-05	4.0279556e-05	5.998718e-05	0.99965155	4.5598033e-05	3.0790736e-05	3.9902145e-05	0.00017052905	0.0002454911	3.2373922e-05	5.485316e-05	0.99937207	5.4006086e-05
22	41491952	50.283725000000004	.	4.0104085e-05	4.1109863e-05	8.328515e-05	5.119753e-05	4.529755e-05	6.1999606e-05	0.99962497	5.1963278e-05	3.378523e-05	3.3668697e-05	0.00015848999	0.00014406709	3.681007e-05	6.032503e-05	0.9994905	4.2335054e-05
22	41636336	50.301265	.	3.3315533e-05	3.3200653e-05	9.12336e-05	3.884579e-05	3.5666417e-05	3.831144e-05	0.9996697	5.9797203e-05	4.2890435e-05	5.5620498e-05	0.0004044662	5.9840764e-05	4.8387243e-05	5.025684e-05	0.9992804	5.813539e-05
22	41773621	50.32344	.	3.7948656e-05	3.9995626e-05	6.038325e-05	5.940391e-05	3.8954393e-05	4.5465225e-05	0.9996444	7.3387826e-05	4.3437416e-05	5.2254905e-05	0.00031659717	9.820405e-05	4.6192432e-05	4.492616e-05	0.99932706	7.140022e-05
22	41921450	50.347025	.	3.000363e-05	3.2782653e-05	5.3019365e-05	6.247821e-05	3.3943106e-05	4.315437e-05	0.9997025	4.2045333e-05	5.2189665e-05	5.5798155e-05	9.151294e-05	0.0001286294	5.5287113e-05	5.143378e-05	0.9994929	7.2298106e-05
22	42068195	50.36043	.	3.889128e-05	4.0989096e-05	6.315857e-05	5.5038996e-05	4.3297736e-05	7.3597585e-05	0.9996213	6.37366e-05	3.289894e-05	3.1202322e-05	0.00014239199	6.7665125e-05	3.5222245e-05	3.805862e-05	0.9996063	4.625084e-05
22	42213461	50.380655000000004	.	4.2636573e-05	4.4780772e-05	5.019989e-05	4.895193e-05	4.9015176e-05	6.469116e-05	0.9996332	6.6462904e-05	7.345405e-05	8.2306855e-05	0.00037861135	0.00013830853	7.58417e-05	0.00010932834	0.99903333	0.00010880515
22	42361114	50.415	.	3.9577255e-05	4.0701423e-05	4.9683007e-05	4.448229e-05	3.9050603e-05	4.9589187e-05	0.9996755	6.1387545e-05	6.2644875e-05	6.989861e-05	0.0006685677	0.00020206669	6.181132e-05	7.843158e-05	0.9987871	6.954009e-05
22	42492474	50.436885000000004	.	3.5957066e-05	3.9107927e-05	4.8427064e-05	4.0890784e-05	5.2881293e-05	5.3257074e-05	0.9996737	5.5825178e-05	5.455672e-05	7.812356e-05	0.0001374662	0.00038437961	5.3830794e-05	7.303728e-05	0.99914706	7.153368e-05
22	42626332	50.484365	.	3.189547e-05	3.095076e-05	3.7238548e-05	5.7682737e-05	3.647656e-05	4.0493327e-05	0.9996861	7.9147685e-05	7.014149e-05	8.519087e-05	0.00053299044	0.00025336293	0.000102333615	0.00010747979	0.998754	9.4502604e-05
22	42752023	50.562485	.	3.6854224e-05	3.7678143e-05	4.1295283e-05	4.9385584e-05	4.593919e-05	6.490114e-05	0.99964106	8.291836e-05	4.702575e-05	7.3589246e-05	0.00047962173	0.0001188652	4.7817575e-05	8.1530314e-05	0.9990982	5.3347612e-05
22	42857784	50.71752	.	2.919279e-05	2.98454e-05	5.00185e-05	7.952712e-05	3.1806463e-05	6.432961e-05	0.9996525	6.27643e-05	5.655752e-05	5.816401e-05	0.0009221701	0.00014539926	6.384528e-05	7.0220696e-05	0.99860495	7.8714285e-05
22	42951614	50.84733	.	3.6206922e-05	3.914111e-05	4.1260777e-05	0.000104293096	5.7312678e-05	7.227735e-05	0.9994252	0.00022433043	3.922296e-05	4.4509994e-05	8.994911e-05	6.5773165e-05	4.067104e-05	4.271289e-05	0.9996382	3.891954e-05
22	43040336	50.887595	.	3.5326422e-05	3.753939e-05	4.1095253e-05	7.764905e-05	4.7752e-05	0.00016337936	0.99952996	6.7370536e-05	9.03592e-05	0.000104104816	0.0006242079	0.00037023023	0.00012351958	9.656223e-05	0.99841845	0.00017261523
22	43131552	50.988060000000004	.	3.4474124e-05	3.3453034e-05	5.9787955e-05	0.00013068184	4.0763836e-05	6.585123e-05	0.9995808	5.4228167e-05	5.4380438e-05	6.3990265e-05	0.00038271878	0.00016703058	0.00010347849	5.7506582e-05	0.99910456	6.629783e-05
22	43230278	51.098445	.	4.2122363e-05	4.5945533e-05	6.899518e-05	0.00022347487	5.2960502e-05	7.233701e-05	0.99940157	9.26498e-05	5.724625e-05	5.7048794e-05	9.7149845e-05	0.00019173638	6.8549816e-05	0.00010104636	0.99932504	0.00010223444
22	43349238	51.155715	.	4.4203378e-05	4.6428897e-05	7.3037336e-05	0.00019655492	5.3597047e-05	5.984419e-05	0.99944144	8.4888736e-05	3.6360107e-05	3.9583567e-05	0.00013008842	0.00020835466	4.369209e-05	4.045118e-05	0.99942786	7.3527364e-05
22	43462557	51.23608	.	4.0220653e-05	4.3770542e-05	0.00011151168	0.0002615974	4.709456e-05	6.3288106e-05	0.9993242	0.00010837913	2.8604994e-05	3.5629513e-05	8.3543004e-05	0.00015717286	3.0235695e-05	3.9171133e-05	0.99959487	3.07914e-05
22	43554018	51.414695	.	4.026445e-05	4.5963232e-05	4.422893e-05	0.00023767617	4.5184443e-05	5.5798533e-05	0.9993795	0.00015135709	5.2586398e-05	6.182144e-05	6.570736e-05	0.00016008187	5.3521595e-05	8.942475e-05	0.9994537	6.3130465e-05
22	43641234	51.700965	.	5.1615974e-05	5.6458517e-05	6.03128e-05	0.00022278939	7.5719494e-05	6.346579e-05	0.9993679	0.00010173161	3.4139077e-05	3.589932e-05	6.885735e-05	9.014844e-05	3.3901906e-05	5.7778747e-05	0.99962294	5.626843e-05
22	43734153	51.96755	.	3.4419358e-05	3.563479e-05	4.0994e-05	8.1221246e-05	3.3069537e-05	3.619116e-05	0.99968374	5.479857e-05	5.165988e-05	5.0811457e-05	0.00031090813	0.000102046586	6.832885e-05	9.452178e-05	0.9992617	6.0096376e-05
22	43833468	52.136345	.	3.7032773e-05	3.5996098e-05	5.3546733e-05	7.256385e-05	3.734017e-05	4.7649755e-05	0.9996753	4.0627147e-05	7.2331895e-05	7.871593e-05	0.00040401128	0.00015929985	7.310171e-05	0.00014117775	0.99896777	0.00010357182
22	43939670	52.235015000000004	.	4.7809655e-05	5.5672826e-05	6.580458e-05	0.00010295841	9.081664e-05	5.4422027e-05	0.99952257	5.999889e-05	6.729659e-05	7.6899916e-05	0.0016621578	0.00014940627	6.640108e-05	0.00012750157	0.9977666	8.37812e-05
22	44056705	52.27371	.	4.0021037e-05	4.217979e-05	6.9929716e-05	5.580714e-05	7.143876e-05	4.1392686e-05	0.9996252	5.3998807e-05	3.6703394e-05	3.8219103e-05	0.0012367802	6.524133e-05	5.0673534e-05	7.584282e-05	0.99844235	5.420945e-05
22	44180530	52.303740000000005	.	3.2304368e-05	3.484594e-05	3.7072834e-05	8.166176e-05	3.8299513e-05	3.6585647e-05	0.9996797	5.9620543e-05	4.549332e-05	4.1035793e-05	0.00045057532	5.7185942e-05	4.029094e-05	4.9648104e-05	0.9992667	4.9131402e-05
22	44294234	52.54069	.	3.8133472e-05	4.3014436e-05	6.5395e-05	8.3301245e-05	4.290566e-05	4.702151e-05	0.99961984	6.0333008e-05	4.3769272e-05	4.1101506e-05	0.00048435671	7.910775e-05	4.0969895e-05	5.4400094e-05	0.9992093	4.6941008e-05
22	44399794	52.96946	.	6.566094e-05	7.1267204e-05	0.00017504809	0.00015529314	0.00010822211	7.536339e-05	0.9992582	9.087959e-05	7.1178154e-05	7.276943e-05	0.0012783802	0.00014550895	7.023106e-05	8.387797e-05	0.99819994	7.8136865e-05
22	44499682	53.434870000000004	.	4.585496e-05	5.9975206e-05	0.00020738532	0.00014108515	5.767979e-05	7.171811e-05	0.9993662	5.0055467e-05	4.079732e-05	4.337703e-05	0.00012979218	8.517127e-05	4.2687676e-05	5.7459747e-05	0.99953413	6.6590364e-05
22	44593100	53.83729	.	4.36761e-05	5.0914663e-05	0.00021240822	6.79518e-05	4.4411565e-05	4.9123315e-05	0.9994777	5.379645e-05	6.599812e-05	6.404333e-05	0.00054575485	8.8298904e-05	7.950158e-05	7.529126e-05	0.9989827	9.83568e-05
22	44681218	54.22298	.	3.630175e-05	3.5452234e-05	0.00013416869	8.203336e-05	3.208223e-05	4.1710362e-05	0.99958783	5.0372986e-05	8.901477e-05	8.9865e-05	0.00063197996	0.00010133554	8.173473e-05	8.904848e-05	0.9988311	8.5948406e-05
22	44763111	54.69147	.	5.9390655e-05	4.71137e-05	0.00014429225	5.374435e-05	5.3234493e-05	5.9857033e-05	0.999532	5.036724e-05	4.3096148e-05	4.4006156e-05	0.00039572283	6.6914974e-05	4.3442524e-05	5.3665794e-05	0.99929583	5.7290454e-05
22	44854706	55.06115	.	6.7815745e-05	6.582036e-05	0.000121681194	8.9742105e-05	7.514463e-05	0.00016434757	0.99929893	0.000116507865	4.24877e-05	4.642303e-05	0.00046984252	7.6706114e-05	4.3177777e-05	5.7451158e-05	0.9991836	8.029323e-05
22	44949555	55.354265	.	7.492731e-05	0.000105580446	0.0004216489	0.00010663954	8.288432e-05	0.0001314445	0.99896955	0.000107292195	5.754746e-05	5.876262e-05	0.00071441306	7.892194e-05	6.148763e-05	5.795828e-05	0.9989017	6.919453e-05
22	45038796	55.64864	.	4.491056e-05	5.3350923e-05	0.0002185036	9.5107396e-05	5.1614694e-05	8.9517845e-05	0.9993536	9.3453586e-05	4.359133e-05	4.7777234e-05	0.00012533697	5.6125944e-05	4.7862697e-05	4.948796e-05	0.9995671	6.274811e-05
22	45121609	56.05066	.	9.611547e-05	0.00011488441	0.00019711742	0.00016987772	8.614774e-05	0.00018792402	0.999014	0.00013391099	5.0972452e-05	6.055201e-05	0.00014127008	0.000102865306	5.0294166e-05	6.280497e-05	0.9994486	8.263939e-05
22	45197578	56.54903	.	9.741826e-05	0.00012548613	0.00049976143	0.0005354797	0.00010824597	0.0003102203	0.9981869	0.00013645625	5.4643137e-05	5.4719483e-05	9.461859e-05	0.00011015188	5.25002e-05	6.0550006e-05	0.9995146	5.823037e-05
22	45263774	56.865345000000005	.	5.6234065e-05	6.972508e-05	0.00013680206	0.00029401976	6.126878e-05	0.00012540728	0.9991278	0.00012869369	5.850358e-05	6.7960485e-05	0.00018775214	9.12864e-05	5.9126178e-05	7.492262e-05	0.99938905	7.1336784e-05
22	45341900	56.998954999999995	.	9.704574e-05	0.00013372033	0.0005106673	0.00045024217	9.939971e-05	0.00015507036	0.99841213	0.000141732	4.9788832e-05	5.1037496e-05	0.00016449232	0.00011839499	5.42465e-05	5.290374e-05	0.99943537	7.374844e-05
22	45430074	57.332679999999996	.	6.7657136e-05	7.9156256e-05	0.00019738427	0.00026420644	7.145458e-05	9.595095e-05	0.99914134	8.28077e-05	4.2459174e-05	4.8328315e-05	0.00022668326	6.571109e-05	4.2800468e-05	6.8356676e-05	0.9994388	6.6862536e-05
22	45517524	57.692695	.	4.827352e-05	7.342681e-05	7.5706565e-05	0.00020959665	6.130238e-05	0.00013930838	0.9993211	7.132561e-05	5.875717e-05	6.366241e-05	0.00024330932	0.000102019534	5.9229416e-05	6.1283594e-05	0.9993426	6.910469e-05
22	45610636	57.847210000000004	.	8.637001e-05	0.000120195225	0.00043522049	0.00027796102	0.00011311019	0.00016107291	0.99861395	0.00019210074	9.5069416e-05	9.776972e-05	0.0010752295	0.00023418154	0.00010582179	0.0001422145	0.9981432	0.00010657215
22	45703760	58.100210000000004	.	5.6157965e-05	7.639697e-05	0.00011124337	0.00016647737	6.9907976e-05	0.00025624596	0.99912685	0.0001367808	6.441911e-05	8.764692e-05	0.004291232	0.00040093067	7.272889e-05	6.909672e-05	0.9949151	9.886102e-05
22	45816983	58.38098	.	0.00011314369	0.00012253903	0.00025913105	0.00015446675	0.00011800433	0.0005007573	0.9985782	0.00015378621	7.0148046e-05	7.443941e-05	0.00202956	0.00015540168	8.623552e-05	8.061757e-05	0.99742895	7.460956e-05
22	45931642	58.792745	.	7.3845236e-05	7.863102e-05	0.00088195567	0.000116496056	0.00016608811	0.00023786759	0.99827087	0.00017426231	7.2703195e-05	8.935885e-05	0.0064313076	0.00014631466	7.198609e-05	7.332382e-05	0.9930207	9.435342e-05
22	46038188	59.157520000000005	.	6.8926354e-05	7.8400364e-05	0.0007040163	0.00011897555	0.00012383563	0.00029517247	0.99849427	0.00011639618	4.57437e-05	5.133762e-05	0.007221651	0.000106343294	7.39015e-05	4.897951e-05	0.99238634	6.5731045e-05
22	46160990	59.22747	.	8.4019164e-05	8.372936e-05	0.0021986766	9.5102645e-05	0.00012761044	0.00015747541	0.99713314	0.00012028316	5.9465747e-05	6.010758e-05	0.0020448966	0.00012449641	5.704907e-05	6.283716e-05	0.9974969	9.419132e-05
22	46274350	59.331995	.	0.000114820214	0.00012825475	0.0036957718	0.00022499109	0.00020359775	0.00024016917	0.9952739	0.00011857113	4.2604795e-05	4.2457847e-05	0.005643627	0.0001360683	4.883579e-05	5.0948005e-05	0.9939687	6.6699315e-05
22	46360461	59.49859	.	5.5825527e-05	6.932945e-05	0.0009438544	6.5903754e-05	0.00015681089	9.23978e-05	0.998548	6.787189e-05	5.2099578e-05	5.528687e-05	0.0016933875	0.00017336178	5.7509755e-05	5.968616e-05	0.99784946	5.9258462e-05
22	46454080	59.714214999999996	.	0.00010258025	0.0001248714	0.0022491703	0.00022803068	0.00017409195	0.00018902695	0.99678636	0.00014584321	9.495232e-05	0.00010518485	0.014255915	0.00020317068	9.964193e-05	0.00011445323	0.98496675	0.0001599756
22	46558346	60.019695	.	7.890105e-05	8.911216e-05	0.00029794616	0.0001237136	9.449075e-05	9.8570745e-05	0.9990651	0.00015217398	7.6905e-05	8.160973e-05	0.012044184	0.00011646301	8.8425986e-05	8.6396474e-05	0.9874271	7.891366e-05
22	46659776	60.233824999999996	.	7.082135e-05	7.462825e-05	0.0003614864	0.00015299614	0.00011397206	9.926524e-05	0.9989422	0.00018467568	3.727678e-05	4.3407585e-05	0.0059576193	4.7991856e-05	4.2883137e-05	6.757166e-05	0.9937556	4.763137e-05
22	46748370	60.308315	.	0.00015324635	0.00019408677	0.0023336313	0.0003231833	0.00029000512	0.00017098426	0.9962132	0.00032171464	7.8894256e-05	7.676314e-05	0.0056001046	9.8685465e-05	8.466128e-05	8.506262e-05	0.99387604	9.976574e-05
22	46821030	60.48657	.	0.00010977663	0.00014853869	0.0007416558	0.00031199885	0.00014431737	0.0001654353	0.9982008	0.0001774628	4.9448638e-05	4.927808e-05	0.0008419277	0.00023598905	4.9869224e-05	6.095421e-05	0.99864525	6.7237575e-05
22	46895456	60.83193	.	0.00041682326	0.00058742944	0.0021344973	0.0015067264	0.0008862057	0.00053461635	0.99317753	0.00075620215	9.119291e-05	0.00010789439	0.0036755581	0.00015796458	9.9375546e-05	0.00010197928	0.9956528	0.00011325322
22	46972218	61.08652	.	0.000112707654	0.00016633904	0.00049425696	0.001649062	0.00012184698	0.00013352417	0.9970483	0.00027397173	0.00021539305	0.00023633298	0.008934255	0.000940617	0.00023990867	0.00025488486	0.9889234	0.00025518108
22	47053330	61.170249999999996	.	0.00011016329	0.00011015457	0.0003488231	0.0031437674	0.00011905927	9.874445e-05	0.99590516	0.00016410321	6.9020876e-05	9.1179354e-05	0.0033919476	0.00021020397	8.873095e-05	7.659773e-05	0.9959901	8.226942e-05
22	47140273	61.314275	.	0.0004783965	0.00049255736	0.0018486682	0.035651185	0.00049917854	0.00072879513	0.95925397	0.0010472869	7.347206e-05	7.321871e-05	0.005403306	0.0002932793	8.5652544e-05	7.953366e-05	0.9938685	0.00012308432
22	47232999	61.46329	.	0.00054354966	0.000639648	0.004106144	0.05612933	0.0010518311	0.0006478864	0.9353811	0.001500554	6.026693e-05	8.731119e-05	0.0007723995	0.000105193736	6.2225925e-05	6.654377e-05	0.9987698	7.622757e-05
22	47321944	61.561260000000004	.	0.001350647	0.0005658951	0.004031891	0.030579241	0.000546939	0.00084310805	0.96032774	0.0017545616	9.275309e-05	9.2433256e-05	0.00081576186	0.00023247782	0.00010000348	0.000105664425	0.9984302	0.00013073822
22	47405136	61.714595	.	0.00051392545	0.0001793594	0.00069174834	0.008487566	0.00015441145	0.0002082962	0.98906124	0.00070342456	8.435443e-05	9.182778e-05	0.00032002083	0.0015527145	8.7578905e-05	9.968486e-05	0.9975867	0.00017706768
22	47488231	61.85478	.	0.0006551474	0.00038661936	0.0009761211	0.02938939	0.00037924273	0.0003545468	0.96716356	0.0006953589	8.535766e-05	8.5063315e-05	0.00020278775	0.0004427469	9.769836e-05	9.3006856e-05	0.9988825	0.000110888264
22	47564390	62.15115	.	0.0007672319	0.0006740099	0.0059674317	0.014565524	0.00062681723	0.00078852894	0.9752558	0.0013546367	0.00012631046	0.00013800971	0.00039029744	0.00046039617	0.00013566898	0.00014606856	0.9983209	0.00028234074
22	47645988	62.54636	.	0.0029659325	0.0027224806	0.096938364	0.0280719	0.0030086369	0.002751406	0.86017907	0.003362272	0.00010793325	0.00012083733	0.0006474729	0.00082684023	0.00011874402	0.00019706362	0.99766564	0.00031554527
22	47730504	62.75232	.	0.0008070863	0.00088184094	0.24317162	0.002918843	0.00088658085	0.0012787028	0.74882674	0.0012285946	7.273971e-05	7.718963e-05	0.00020365251	0.00035968426	8.829047e-05	9.6148186e-05	0.9989863	0.00011592146
22	47809154	62.87334	.	0.0005728329	0.0005885114	0.16932273	0.0015709217	0.0006524825	0.0007804804	0.8252118	0.0013002233	0.00010125963	0.00012650636	0.0003727257	0.0010598083	0.00022744146	0.00012318074	0.99777645	0.00021261284
22	47896550	63.037054999999995	.	0.0003282497	0.0003540767	0.06001123	0.0009394141	0.0003425247	0.0004174849	0.93691975	0.0006872701	0.00031665596	0.00030421445	0.0007256219	0.0056428257	0.0004024207	0.00031399433	0.9912237	0.0010705704
22	47989166	63.305705	.	0.0009363808	0.0011123605	0.048619285	0.005107439	0.000981126	0.0011799735	0.93945026	0.0026131764	0.0002483698	0.0002724616	0.00045028894	0.002322075	0.00027211363	0.00029322327	0.99529487	0.000846559
22	48080511	63.50378	.	0.00019181927	0.00022161631	0.036617287	0.001541492	0.00032995187	0.00021046663	0.9605844	0.00030288904	6.883885e-05	8.374008e-05	0.00023851941	0.0006619886	0.00010235871	6.28438e-05	0.99865985	0.0001218267
22	48170782	63.61322	.	0.0001329981	0.00019622713	0.011822855	0.0007107632	0.00014753804	0.00016722397	0.9865181	0.0003043135	0.00023604825	5.828908e-05	0.00010103013	0.00043180367	5.996973e-05	5.584247e-05	0.9989034	0.00015355252
22	48258054	63.84676	.	8.238646e-05	0.0001009522	0.0010766875	0.00024983432	0.00015152784	0.00010456841	0.99806637	0.00016772571	9.1217604e-05	0.00012497442	0.00020566126	0.0013502087	9.660012e-05	8.5650645e-05	0.99787617	0.00016947156
22	48346332	64.077235	.	0.00025115538	0.00040284006	0.007896317	0.003859432	0.00028793348	0.00027795328	0.98651844	0.0005058689	9.077113e-05	9.045813e-05	0.00018469567	0.0039064256	0.00012423898	0.00011457771	0.99496365	0.0005251792
22	48443865	64.371915	.	0.0001844182	0.00047926654	0.0033721786	0.0017649257	0.00024705194	0.00024866403	0.99337125	0.00033224697	0.00010134835	0.00013466216	0.00020460087	0.0019459979	0.0001297799	0.00017180553	0.99713945	0.00017236713
22	48544518	64.730085	.	0.0001245244	0.00012901072	0.0010268636	0.0011200086	0.0001742639	0.00016978868	0.99686253	0.00039304848	9.7452314e-05	0.000103614446	0.0002479291	0.0010127588	0.00018401576	0.00013385504	0.998054	0.00016633414
22	48634478	65.039715	.	0.00018331915	0.00021476006	0.004577008	0.0014312648	0.0002251456	0.00023000172	0.99240005	0.00073837047	0.00037812267	0.00039227898	0.00207254	0.0032662663	0.0006168761	0.0005904759	0.99213374	0.00054970896
22	48714699	65.575085	.	0.00012723256	0.0001372648	0.0042824782	0.00069385907	0.0001945768	0.00015364426	0.99415565	0.0002552717	0.00011741055	0.0001279957	0.00033367152	0.00122116	0.00013268791	0.0001648854	0.99768186	0.00022034663
22	48787599	66.05216	.	0.00016529401	0.0006025418	0.0005819764	0.000640106	0.00022219842	0.00021683789	0.9969061	0.00066488836	0.00016435907	0.00021031652	0.00036033193	0.0037916899	0.00017709716	0.00023277028	0.9948226	0.000240814
22	48863737	66.340975	.	0.00010435945	0.000117121286	0.00050121825	0.0010376741	0.0002117979	0.00014085846	0.9975453	0.0003416845	0.0001439812	0.00015949736	0.0002272369	0.0015532104	0.00029407817	0.00027021486	0.99705684	0.00029495085
22	48947726	66.793775	.	0.00014712021	0.00019027371	0.0016001192	0.0009216005	0.00021245077	0.00016326834	0.99576724	0.0009979052	0.00015835352	0.00017594593	0.0004068919	0.014091241	0.00023789369	0.00026514876	0.98401815	0.00064638065
22	49023142	67.36738	.	0.00012799975	0.00015783537	0.0007524283	0.0014075899	0.00019412415	0.00012706326	0.9969944	0.00023852482	0.00012792248	0.00015002408	0.0001343756	0.0061547807	0.00013007644	0.00019932933	0.9927967	0.000306763
22	49083666	67.79316	.	0.00016812247	0.0001612454	0.0003779269	0.0011220711	0.00016789399	0.00018314764	0.99743503	0.0003845812	9.391103e-05	0.000105889034	9.882941e-05	0.00055986724	0.00012804633	0.00022697978	0.9986364	0.00015002706
22	49148499	68.02807	.	8.6288055e-05	9.588197e-05	0.00025489836	0.0005891895	0.0005427656	8.270762e-05	0.99820983	0.00013847857	0.00023808195	0.00025795805	0.00044490639	0.0042656083	0.00054564537	0.00031243544	0.9929524	0.0009829947
22	49219716	68.32901000000001	.	0.00012678505	0.00013603555	0.0003298247	0.0011735216	0.00031473982	0.000121524245	0.9972984	0.0004991925	0.00024045153	0.00023005107	0.00029621346	0.021337135	0.0003650853	0.0003007869	0.9764713	0.00075899594
22	49289834	68.711795	.	0.0001333924	0.00013943134	0.0003218458	0.0016386567	0.00023407344	0.0001381306	0.997106	0.00028847923	0.0002713129	0.00029697604	0.00031955334	0.008274473	0.00028373318	0.00029867567	0.9896941	0.00056113687
22	49350484	68.98107	.	0.0001244252	0.00012992207	0.00027439688	0.0025852325	0.00020142768	0.00013722885	0.9960674	0.00047988564	0.00015275089	0.00014700825	0.000235376	0.015747631	0.00018024183	0.00019901773	0.9826822	0.00065576745
22	49409163	69.2536	.	6.787922e-05	6.184519e-05	7.2456e-05	0.0032616335	7.6666045e-05	6.264155e-05	0.99606115	0.00033572785	0.00018620906	0.0001998997	0.00017424657	0.0016799788	0.0002268005	0.00018366391	0.9968004	0.00054871826
22	49476124	69.53368499999999	.	0.00016209141	9.693682e-05	0.0001352262	0.0037174907	9.249723e-05	9.4224655e-05	0.9954595	0.00024205275	0.0004181832	0.00022322232	0.0002095972	0.0022833543	0.00023301985	0.00023493211	0.9958151	0.0005826108
22	49540212	69.866465	.	0.00015456116	0.00013963797	0.00017647434	0.005407631	0.00015572527	0.00014112158	0.9933965	0.00042832928	0.0004224724	0.0001663342	0.0001362722	0.00058803015	0.00013475513	0.00014739261	0.9982085	0.00019621475
22	49601522	70.223815	.	9.441414e-05	0.00010597758	0.000117972224	0.0023606173	0.00015910713	0.000101248814	0.99679863	0.00026205127	0.00023228554	0.00015845938	0.0001596396	0.0014784717	0.0001636192	0.00018698412	0.9970414	0.0005791145
22	49662636	70.551265	.	8.469599e-05	9.5069285e-05	0.00012596507	0.0008061146	9.6344535e-05	0.00010682833	0.99852633	0.00015865195	0.00014798503	0.00017613759	0.00015107427	0.023083635	0.0001612082	0.00015786025	0.97570384	0.0004182137
22	49730350	71.01486	.	0.0001337705	0.000119887656	0.00022216202	0.0014205176	0.00011438484	0.00011423625	0.9977005	0.00017458196	0.00014735035	0.00018475972	0.00019520284	0.0033863476	0.0001707891	0.00014840225	0.9951426	0.000624611
22	49803426	71.549365	.	0.00014627932	0.00016561491	0.00050536805	0.0006283738	0.0002378005	0.00015657273	0.99776864	0.00039138683	0.00031395777	0.00031287514	0.00040021882	0.009545694	0.00035311392	0.00033902217	0.98809296	0.0006421478
22	49882510	72.09317	.	0.00014465404	0.00014241533	0.00027073195	0.003537197	0.00013944264	0.00013226473	0.9952154	0.00041789588	0.0010233041	0.00123152	0.0013470012	0.046586093	0.0012421174	0.0011604392	0.94531554	0.0020940532
22	49967086	72.42766	.	0.00030388124	0.00031833272	0.0012836396	0.0068357605	0.00032468743	0.00030605058	0.98997647	0.0006511593	0.00049468456	0.00054951274	0.0005225999	0.13142155	0.0007094945	0.00054222054	0.8645668	0.0011931367
22	50048428	72.54555500000001	.	0.00010809322	9.610893e-05	0.00049931416	0.015820257	9.9622506e-05	9.986717e-05	0.983065	0.00021171558	0.00056021044	0.00071315304	0.0011826027	0.079241805	0.0005649751	0.000632848	0.91498876	0.0021156122
22	50131800	72.70183499999999	.	0.0008778212	0.000107689346	0.00018184895	0.0066752844	0.00011529936	9.7743236e-05	0.9917706	0.00017367116	0.0006900484	0.0007846628	0.0007150523	0.40724665	0.0007729111	0.0007585047	0.5867991	0.0022330794
22	50226057	72.83818	.	0.0004886236	0.00015539263	0.00018913257	0.016287837	0.00016648984	0.00014450989	0.982205	0.00036304796	0.00075329194	0.00082306395	0.00093941024	0.06221737	0.0011745687	0.0012747208	0.9306276	0.0021899873
22	50317864	72.903275	.	9.806048e-05	7.3950505e-05	0.00012802299	0.0018538723	6.882133e-05	7.246929e-05	0.9976025	0.0001022556	0.0017841829	0.0018348604	0.0024025226	0.21654882	0.0028675576	0.0022776127	0.7429818	0.029302623
22	50430500	73.11349999999999	.	6.0703936e-05	5.57268e-05	5.610086e-05	0.0009272312	5.1861563e-05	5.614946e-05	0.9987012	9.1043585e-05	0.006495223	0.006679713	0.009366849	0.45267335	0.009267952	0.008034547	0.4904313	0.017050989
22	50546658	73.28881	.	4.6121764e-05	4.8443824e-05	4.8729344e-05	0.00048208435	4.5508023e-05	5.22342e-05	0.99914455	0.00013230785	0.0020685645	0.0029490793	0.0024086686	0.18923523	0.003039668	0.0028935673	0.7799199	0.017485326
22	50639852	73.33935500000001	.	4.4385648e-05	4.8119e-05	6.675216e-05	0.000529007	5.3115316e-05	4.889033e-05	0.9991316	7.812295e-05	0.00035573298	0.00039692357	0.00053526973	0.08902861	0.00044850717	0.0004365131	0.90655917	0.0022392257
22	50740372	73.41487000000001	.	6.953173e-05	7.326931e-05	9.035429e-05	0.0025427528	0.0001228551	7.2253584e-05	0.99684095	0.00018799635	0.0012941158	0.0021211863	0.0013007795	0.04735763	0.0029459798	0.0015561108	0.94067675	0.002747435
22	50843306	73.494085	.	0.00012025568	0.00015063546	0.00017462808	0.0070865555	0.00013385664	0.00012928723	0.99157846	0.0006263186	0.002503062	0.0023800528	0.0026636128	0.039961595	0.0031298124	0.0029721535	0.9417561	0.0046335524
22	50937641	73.668815	.	0.00011940366	0.00013332909	0.00021122953	0.01001005	0.00024722546	0.00012025606	0.9878721	0.0012863537	0.01066699	0.0043850485	0.003031253	0.12304767	0.0034759105	0.003472634	0.8448486	0.0070718704
22	51029584	73.865395	.	6.9503e-05	7.17051e-05	7.780657e-05	0.0017261831	7.37372e-05	7.009631e-05	0.997809	0.00010202825	0.001966199	0.0018516937	0.0013935292	0.040339377	0.0019729363	0.0018178619	0.94419456	0.006463854
22	51161323	74.017545	.	6.1377585e-05	6.332217e-05	9.171558e-05	0.00340487	0.0001106433	6.3645835e-05	0.9960781	0.00012629127	0.00081684877	0.00091763993	0.0008350013	0.023926634	0.0017881485	0.0013252102	0.96749365	0.0028969334
